Lemma,Sense_ID,Synset_ID,Definition,Hypernyms,MML_Concept
superior,superior%1:18:01::,omw-en-09333171-n,the largest freshwater lake in the world; the deepest of the Great Lakes,,CONTROL IS UP
superior,superior%1:18:01::,omw-en-09158649-n,a town in northwest Wisconsin on Lake Superior across from Duluth,,CONTROL IS UP
superior,superior%1:18:01::,omw-en-02341266-a,of high or superior quality or performance,,CONTROL IS UP
superior,superior%1:18:01::,omw-en-02338615-a,of or characteristic of high rank or importance,,CONTROL IS UP
superior,superior%1:18:01::,omw-en-00792769-s,(sometimes followed by `to') not subject to or influenced by,,CONTROL IS UP
superior,superior%1:18:01::,omw-en-02349685-a,written or printed above and to one side of another character,,CONTROL IS UP
superior,superior%1:18:01::,omw-en-02348482-a,having an orbit farther from the sun than the Earth's orbit,,CONTROL IS UP
superior,superior%1:18:01::,omw-en-02100566-s,having a higher rank,,CONTROL IS UP
superior,superior%1:18:01::,omw-en-00072436-s,(often followed by `to') above being affected or influenced by,,CONTROL IS UP
superior,superior%1:18:01::,omw-en-10676018-n,one of greater rank or station or quality,a person who rules or guides or inspires others | a human being | a living thing that has (or can develop) the ability to act or function independently | a living (or once living) entity | an assemblage of parts that is regarded as a single entity | any entity that produces an effect or is responsible for events or results | an entity that has physical existence | that which is perceived or known or inferred to have its own distinct existence (living or nonliving),CONTROL IS UP
superior,superior%1:18:01::,omw-en-10675876-n,the head of a religious community,a member of a religious order who is bound by vows of poverty and chastity and obedience | a person who manifests devotion to a deity | a human being | a living thing that has (or can develop) the ability to act or function independently | a living (or once living) entity | any entity that produces an effect or is responsible for events or results | an entity that has physical existence,CONTROL IS UP
superior,superior%1:18:01::,omw-en-10752930-n,a combatant who is able to defeat rivals,someone who fights (or is fighting) | a human being | a living thing that has (or can develop) the ability to act or function independently | a living (or once living) entity | an assemblage of parts that is regarded as a single entity | any entity that produces an effect or is responsible for events or results | an entity that has physical existence | that which is perceived or known or inferred to have its own distinct existence (living or nonliving),CONTROL IS UP
superior,superior%1:18:01::,omw-en-06820023-n,a character or symbol set or printed or written above and immediately to one side of another character,a written symbol that is used to represent speech | a written or printed symbol | an arbitrary sign (written or printed) that has acquired a conventional significance | any nonverbal action or gesture that encodes a message | something that is communicated by or to or between people or groups,CONTROL IS UP
superior,superior%1:17:00::,omw-en-09333171-n,the largest freshwater lake in the world; the deepest of the Great Lakes,,CONTROL IS UP
superior,superior%1:17:00::,omw-en-09158649-n,a town in northwest Wisconsin on Lake Superior across from Duluth,,CONTROL IS UP
superior,superior%1:17:00::,omw-en-02341266-a,of high or superior quality or performance,,CONTROL IS UP
superior,superior%1:17:00::,omw-en-02338615-a,of or characteristic of high rank or importance,,CONTROL IS UP
superior,superior%1:17:00::,omw-en-00792769-s,(sometimes followed by `to') not subject to or influenced by,,CONTROL IS UP
superior,superior%1:17:00::,omw-en-02349685-a,written or printed above and to one side of another character,,CONTROL IS UP
superior,superior%1:17:00::,omw-en-02348482-a,having an orbit farther from the sun than the Earth's orbit,,CONTROL IS UP
superior,superior%1:17:00::,omw-en-02100566-s,having a higher rank,,CONTROL IS UP
superior,superior%1:17:00::,omw-en-00072436-s,(often followed by `to') above being affected or influenced by,,CONTROL IS UP
superior,superior%1:17:00::,omw-en-10676018-n,one of greater rank or station or quality,a person who rules or guides or inspires others | a human being | a living thing that has (or can develop) the ability to act or function independently | a living (or once living) entity | an assemblage of parts that is regarded as a single entity | any entity that produces an effect or is responsible for events or results | an entity that has physical existence | that which is perceived or known or inferred to have its own distinct existence (living or nonliving),CONTROL IS UP
superior,superior%1:17:00::,omw-en-10675876-n,the head of a religious community,a member of a religious order who is bound by vows of poverty and chastity and obedience | a person who manifests devotion to a deity | a human being | a living thing that has (or can develop) the ability to act or function independently | a living (or once living) entity | any entity that produces an effect or is responsible for events or results | an entity that has physical existence,CONTROL IS UP
superior,superior%1:17:00::,omw-en-10752930-n,a combatant who is able to defeat rivals,someone who fights (or is fighting) | a human being | a living thing that has (or can develop) the ability to act or function independently | a living (or once living) entity | an assemblage of parts that is regarded as a single entity | any entity that produces an effect or is responsible for events or results | an entity that has physical existence | that which is perceived or known or inferred to have its own distinct existence (living or nonliving),CONTROL IS UP
superior,superior%1:17:00::,omw-en-06820023-n,a character or symbol set or printed or written above and immediately to one side of another character,a written symbol that is used to represent speech | a written or printed symbol | an arbitrary sign (written or printed) that has acquired a conventional significance | any nonverbal action or gesture that encodes a message | something that is communicated by or to or between people or groups,CONTROL IS UP
digest,digest%1:10:00::,omw-en-06593542-n,a periodical that summarizes the news,a publication that appears at fixed intervals | a copy of a printed work offered for distribution | a product produced or accomplished through the effort or activity or agency of a person or thing | an artifact that has been created by someone or some process | an artifact that has been brought into existence by someone,IDEAS ARE FOOD
digest,digest%1:10:00::,omw-en-06593099-n,something that is compiled (as into a single book or file),a publication containing a variety of works | a copy of a printed work offered for distribution | a product produced or accomplished through the effort or activity or agency of a person or thing | an artifact that has been created by someone or some process | an artifact that has been brought into existence by someone,IDEAS ARE FOOD
digest,digest%1:10:00::,omw-en-01197338-v,convert food into absorbable substances,"subject to a process or treatment, with the aim of readying for some purpose, improving, or remedying a condition | have an effect upon | cause to change; make different; cause a transformation",IDEAS ARE FOOD
digest,digest%1:10:00::,omw-en-00590924-v,arrange and integrate in the mind,get the meaning of something | know and comprehend the nature or meaning of,IDEAS ARE FOOD
digest,digest%1:10:00::,omw-en-00668099-v,put up with something or somebody unpleasant,"consent to, give permission | give an affirmative reply to; respond favorably to | show a response or a reaction to something | perform an action, or work out or perform (an action)",IDEAS ARE FOOD
digest,digest%1:10:00::,omw-en-00481555-v,become assimilated into the body,undergo a change; become different in essence; losing one's or its original nature,IDEAS ARE FOOD
digest,digest%1:10:00::,omw-en-00481391-v,"systematize, as by classifying and summarizing","arrange according to a system or reduce to a system | bring order to or into | put into a proper or systematic order | put into a certain place or abstract location | cause to move or shift into a new position or place, both in a concrete and in an abstract sense",IDEAS ARE FOOD
digest,digest%1:10:00::,omw-en-00397987-v,"soften or disintegrate, as by undergoing exposure to heat or moisture",break into parts or components or lose cohesion or unity | change in physical make-up | undergo a change; become different in essence; losing one's or its original nature,IDEAS ARE FOOD
digest,digest%1:10:00::,omw-en-00244625-v,make more concise,reduce in scope while retaining essential elements | make smaller | cause to change; make different; cause a transformation,IDEAS ARE FOOD
digest,digest%1:10:00::,omw-en-00209420-v,"soften or disintegrate by means of chemical action, heat, or moisture",separate (substances) into constituent elements or parts | divide into components or constituents | change in physical make-up | undergo a change; become different in essence; losing one's or its original nature,IDEAS ARE FOOD
attack,attack%1:04:02::,omw-en-00972621-n,(military) an offensive against an enemy (using weapons),activity by a military or naval force (as a maneuver or campaign) | any specific behavior | something that people do or cause to happen | something that happens at a given place and time | a feature of the mental life of a living organism,ARGUMENT IS WAR
attack,attack%1:04:02::,omw-en-00457723-n,an offensive move in a sport or game,(game) the activity of doing something in an agreed succession | any specific behavior | something that people do or cause to happen | something that happens at a given place and time | a feature of the mental life of a living organism,ARGUMENT IS WAR
attack,attack%1:04:02::,omw-en-06711159-n,intense adverse criticism,disapproval expressed by pointing out faults or shortcomings | the expression of disapproval | what a communication that is about something is about | something that is communicated by or to or between people or groups | a general concept formed by extracting common features from specific examples,ARGUMENT IS WAR
attack,attack%1:04:02::,omw-en-00941140-n,ideas or actions intended to deal with a problem or situation,inventing or contriving an idea or explanation and formulating it mentally | the act of creating something by thinking | the human act of creating | any specific behavior | something that people do or cause to happen,ARGUMENT IS WAR
attack,attack%1:04:02::,omw-en-00773814-n,the act of attacking,(criminal law) an act punishable by law; usually considered an evil act | the act of transgressing; the violation of a law or a duty or moral principle | activity that transgresses moral or civil law | any specific behavior | something that people do or cause to happen,ARGUMENT IS WAR
attack,attack%1:04:02::,omw-en-00236953-n,a decisive manner of beginning a musical tone or phrase,the act of starting something | the act of changing something into something different in essential characteristics | the action of changing something | something done (usually as opposed to something said) | something that people do or cause to happen,ARGUMENT IS WAR
attack,attack%1:04:02::,omw-en-14081375-n,a sudden occurrence of an uncontrollable condition,a cause of great suffering and distress | an event causing distress or pain | an event that happens | something that happens at a given place and time | a feature of the mental life of a living organism,ARGUMENT IS WAR
attack,attack%1:04:02::,omw-en-13435548-n,the onset of a corrosive or destructive process (as by a chemical agent),the process of declining from a higher to a lower level of effective power or vitality or essential quality | a sustained phenomenon or one marked by gradual changes through a series of states | an entity that has physical existence | that which is perceived or known or inferred to have its own distinct existence (living or nonliving),ARGUMENT IS WAR
attack,attack%1:04:02::,omw-en-01220619-n,strong criticism,disapproval expressed by pointing out faults or shortcomings | the expression of disapproval | what a communication that is about something is about | something that is communicated by or to or between people or groups | a general concept formed by extracting common features from specific examples,ARGUMENT IS WAR
attack,attack%1:04:02::,omw-en-01119169-v,launch an attack or assault on; begin hostilities or start warfare with,be engaged in a fight; carry on a fight,ARGUMENT IS WAR
attack,attack%1:04:02::,omw-en-00862683-v,attack in speech or writing,"find fault with; express criticism of; point out real or perceived flaws | make or write a comment on | make mention of | express in words | articulate; either verbally or with a cry, shout, or noise",ARGUMENT IS WAR
attack,attack%1:04:02::,omw-en-01118449-v,take the initiative and go on the offensive,"perform an action, or work out or perform (an action)",ARGUMENT IS WAR
attack,attack%1:04:02::,omw-en-01120069-v,attack someone physically or emotionally,,ARGUMENT IS WAR
attack,attack%1:04:02::,omw-en-00347610-v,set to work upon; turn one's energies vigorously to a task,take the first step or steps in carrying out an action,ARGUMENT IS WAR
attack,attack%1:04:02::,omw-en-00019792-v,begin to injure,act physically on; have an effect upon | cause to change; make different; cause a transformation,ARGUMENT IS WAR
arm,arm%1:08:00::,omw-en-05563770-n,a human limb; technically the part of the superior limb between the shoulder and the elbow but commonly used to refer to the whole superior limb,one of the jointed appendages of an animal used for locomotion or grasping: arm; leg; wing; flipper | an external body part that projects from the body | any body part visible externally | any part of an organism such as an organ or extremity | a portion of a natural object,SOCIETY IS A BODY
arm,arm%1:08:00::,omw-en-02737833-n,any projection that is thought to resemble a human arm,any structure that branches out from a central support | a thing constructed; a complex entity constructed of many parts | a man-made object taken as a whole | an assemblage of parts that is regarded as a single entity | a tangible and visible entity; an entity that can cast a shadow,SOCIETY IS A BODY
arm,arm%1:08:00::,omw-en-04565375-n,any instrument or instrumentality used in fighting or hunting,a device that requires skill for proper use | an instrumentality invented for a particular purpose | an artifact (or system of artifacts) that is instrumental in accomplishing some end | a man-made object taken as a whole | an assemblage of parts that is regarded as a single entity,SOCIETY IS A BODY
arm,arm%1:08:00::,omw-en-02737660-n,the part of an armchair or sofa that supports the elbow and forearm of a seated person,a support for the arm | a support on which things can be put | any device that bears the weight of another thing | an instrumentality invented for a particular purpose | an artifact (or system of artifacts) that is instrumental in accomplishing some end,SOCIETY IS A BODY
arm,arm%1:08:00::,omw-en-08401248-n,a division of some larger or more complex organization,an administrative unit in government or business | a unit with administrative responsibilities | an organization regarded as part of a larger social group | a group of people who work together | people sharing some social relation,SOCIETY IS A BODY
arm,arm%1:08:00::,omw-en-04236377-n,the part of a garment that is attached at the armhole and that provides a cloth covering for the arm,a covering made of cloth | an artifact that covers something else (usually to protect or shelter or conceal it) | a man-made object taken as a whole | an assemblage of parts that is regarded as a single entity | a tangible and visible entity; an entity that can cast a shadow,SOCIETY IS A BODY
arm,arm%1:08:00::,omw-en-01087197-v,prepare oneself for a military confrontation,,SOCIETY IS A BODY
arm,arm%1:08:00::,omw-en-02334867-v,supply with arms,give something useful or necessary to | transfer possession of something concrete or abstract to somebody | cause to change ownership,SOCIETY IS A BODY
force,force%1:07:01::,omw-en-05194578-n,a powerful effect or influence,a power to affect persons or events especially power based on prestige etc | possession of controlling influence | an essential and distinguishing attribute of something or someone | an abstraction belonging to or characteristic of an entity | a general concept formed by extracting common features from specific examples,ARGUMENT IS WAR
force,force%1:07:01::,omw-en-11458624-n,(physics) the influence that produces a change in a physical quantity,a natural phenomenon involving the physical properties of matter and energy | all phenomena that are not artificial | any state or process known through the senses rather than by intuition or reasoning | a sustained phenomenon or one marked by gradual changes through a series of states | an entity that has physical existence,ARGUMENT IS WAR
force,force%1:07:01::,omw-en-05035353-n,physical energy or intensity,high level or degree; the property of being intense | a position on a scale of intensity or amount or quality | a basic or essential attribute shared by all members of a class | an abstraction belonging to or characteristic of an entity | a general concept formed by extracting common features from specific examples,ARGUMENT IS WAR
force,force%1:07:01::,omw-en-08208016-n,group of people willing to obey orders,a group of people who work together | people sharing some social relation | any number of entities (members) considered as a unit | a general concept formed by extracting common features from specific examples | that which is perceived or known or inferred to have its own distinct existence (living or nonliving),ARGUMENT IS WAR
force,force%1:07:01::,omw-en-08198398-n,a unit that is part of some military service,an organization regarded as part of a larger social group | a group of people who work together | people sharing some social relation | any number of entities (members) considered as a unit | a general concept formed by extracting common features from specific examples,ARGUMENT IS WAR
force,force%1:07:01::,omw-en-00965404-n,an act of aggression (as one against a person who resists),violent action that is hostile and usually unprovoked | something done (usually as opposed to something said) | something that people do or cause to happen | something that happens at a given place and time | a feature of the mental life of a living organism,ARGUMENT IS WAR
force,force%1:07:01::,omw-en-10461424-n,one possessing or exercising power or influence or authority,any entity that produces an effect or is responsible for events or results | an entity that has physical existence | that which is perceived or known or inferred to have its own distinct existence (living or nonliving),ARGUMENT IS WAR
force,force%1:07:01::,omw-en-08207863-n,a group of people having the power of effective action,people sharing some social relation | any number of entities (members) considered as a unit | a general concept formed by extracting common features from specific examples | that which is perceived or known or inferred to have its own distinct existence (living or nonliving),ARGUMENT IS WAR
force,force%1:07:01::,omw-en-04809642-n,(of a law) having legal validity,the quality of having legal force or effectiveness | lawfulness by virtue of conformity to a legal statute | the quality of conforming to law | an essential and distinguishing attribute of something or someone | an abstraction belonging to or characteristic of an entity,ARGUMENT IS WAR
force,force%1:07:01::,omw-en-00129743-n,a putout of a base runner who is required to run; the putout is accomplished by holding the ball while touching the base to which the runner must advance before the runner reaches that base,an out resulting from a fielding play (not a strikeout) | (baseball) a failure by a batter or runner to reach a base safely in baseball | an act that fails | an act that does not achieve its intended goal | something that people do or cause to happen,ARGUMENT IS WAR
force,force%1:07:01::,omw-en-02504562-v,"to cause to do through pressure or necessity, by physical, moral or intellectual means",force somebody to do something | cause to do; cause to act in a specified manner,ARGUMENT IS WAR
force,force%1:07:01::,omw-en-01650425-v,urge or force (a person) to an action; constrain or motivate,"give rise to; cause to happen or occur, not always intentionally | make or cause to be or to become",ARGUMENT IS WAR
force,force%1:07:01::,omw-en-01871979-v,move with force,"cause to move or shift into a new position or place, both in a concrete and in an abstract sense",ARGUMENT IS WAR
force,force%1:07:01::,omw-en-00747418-v,"impose urgently, importunately, or inexorably",force somebody to do something | cause to do; cause to act in a specified manner,ARGUMENT IS WAR
force,force%1:07:01::,omw-en-01527271-v,squeeze like a wedge into a tight space,"cause to move or shift into a new position or place, both in a concrete and in an abstract sense",ARGUMENT IS WAR
force,force%1:07:01::,omw-en-01516534-v,"force into or from an action or state, either physically or metaphorically","push forcefully | move with force | cause to move or shift into a new position or place, both in a concrete and in an abstract sense",ARGUMENT IS WAR
force,force%1:07:01::,omw-en-01448100-v,cause to move by pulling,"cause to move or shift into a new position or place, both in a concrete and in an abstract sense",ARGUMENT IS WAR
force,force%1:07:01::,omw-en-01350449-v,do forcibly; exert force,"perform an action, or work out or perform (an action)",ARGUMENT IS WAR
force,force%1:07:01::,omw-en-01586600-v,take by force,"pass into or through, often by overcoming resistance | to come or go into",ARGUMENT IS WAR
target,target%1:06:00::,omw-en-07262108-n,a reference point to shoot at,an indicator that orients you generally | a signal for attracting attention | any nonverbal action or gesture that encodes a message | something that is communicated by or to or between people or groups | a general concept formed by extracting common features from specific examples,ARGUMENT IS WAR
target,target%1:06:00::,omw-en-10470460-n,a person who is the aim of an attack (especially a victim of ridicule or exploitation) by some hostile person or influence,an unfortunate person who suffers from some adverse circumstance | a person who suffers misfortune | a human being | a living thing that has (or can develop) the ability to act or function independently | a living (or once living) entity | any entity that produces an effect or is responsible for events or results | an entity that has physical existence,ARGUMENT IS WAR
target,target%1:06:00::,omw-en-08660934-n,the location of the target that is to be hit,a point located with respect to surface features of some region | the precise location of something; a spatially limited location | a point or extent in space | a tangible and visible entity; an entity that can cast a shadow | an entity that has physical existence,ARGUMENT IS WAR
target,target%1:06:00::,omw-en-04394261-n,sports equipment consisting of an object set up for a marksman or archer to aim at,equipment needed to participate in a particular sport | an instrumentality needed for an undertaking or to perform a service | an artifact (or system of artifacts) that is instrumental in accomplishing some end | a man-made object taken as a whole | an assemblage of parts that is regarded as a single entity,ARGUMENT IS WAR
target,target%1:06:00::,omw-en-05981230-n,the goal intended to be attained (and which is believed to be attainable),"the state of affairs that a plan is intended to achieve and that (when achieved) terminates behavior intended to achieve it | the sum or range of what has been perceived, discovered, or learned | the psychological result of perception and learning and reasoning | a feature of the mental life of a living organism | a general concept formed by extracting common features from specific examples",ARGUMENT IS WAR
target,target%1:06:00::,omw-en-01150559-v,intend (something) to move towards a certain goal,"point or cause to go (blows, weapons, or objects such as photographic equipment) towards | cause to be in an appropriate place, state, or relation | put into a certain place or abstract location | cause to move or shift into a new position or place, both in a concrete and in an abstract sense",ARGUMENT IS WAR
cost,cost%1:21:00::,omw-en-13275847-n,the total spent for goods or services including money and time and labor,money paid out; an amount spent | a possession whose ownership changes or lapses | anything owned or possessed | an abstraction belonging to or characteristic of two entities or parts together | a general concept formed by extracting common features from specific examples,TIME IS MONEY
cost,cost%1:21:00::,omw-en-05145118-n,the property of having material worth (often indicated by the amount of money something would bring if sold),the quality (positive or negative) that renders something desirable or valuable | the quality that renders something desirable or valuable or useful | an essential and distinguishing attribute of something or someone | an abstraction belonging to or characteristic of an entity | a general concept formed by extracting common features from specific examples,TIME IS MONEY
cost,cost%1:21:00::,omw-en-05163807-n,value measured by what must be given or done or undergone to obtain something,the quality (positive or negative) that renders something desirable or valuable | the quality that renders something desirable or valuable or useful | an essential and distinguishing attribute of something or someone | an abstraction belonging to or characteristic of an entity | a general concept formed by extracting common features from specific examples,TIME IS MONEY
cost,cost%1:21:00::,omw-en-02702508-v,be priced at,"have the quality of being; (copula, used with an adjective or a predicate noun)",TIME IS MONEY
cost,cost%1:21:00::,omw-en-02628961-v,"require to lose, suffer, or sacrifice","require as useful, just, or proper",TIME IS MONEY
heat,heat%1:07:01::,omw-en-11466043-n,a form of energy that is transferred by a difference in temperature,(physics) a thermodynamic quantity equivalent to the capacity of a physical system to do work; the units of energy are joules or ergs | a natural phenomenon involving the physical properties of matter and energy | all phenomena that are not artificial | any state or process known through the senses rather than by intuition or reasoning | a sustained phenomenon or one marked by gradual changes through a series of states,SOCIETY IS A BODY
heat,heat%1:07:01::,omw-en-05016171-n,the presence of heat,the degree of hotness or coldness of a body or environment (corresponding to its molecular activity) | one of the four quantities that are the basis of systems of measurement | how much there is or how many there are of something that you can quantify | a general concept formed by extracting common features from specific examples | that which is perceived or known or inferred to have its own distinct existence (living or nonliving) | any property used to characterize matter and energy and their interactions | a basic or essential attribute shared by all members of a class | an abstraction belonging to or characteristic of an entity | a general concept formed by extracting common features from specific examples,SOCIETY IS A BODY
heat,heat%1:07:01::,omw-en-05725527-n,the sensation caused by heat energy,the somatic sensation of cold or heat | the perception of tactual or proprioceptive or gut sensations | the process of perceiving | cognitive processes involved in obtaining and storing knowledge | (psychology) the performance of some composite cognitive activity; an operation that affects mental contents,SOCIETY IS A BODY
heat,heat%1:07:01::,omw-en-04628192-n,the trait of being intensely emotional,emotional nature or quality | a distinguishing feature of your personal nature | an abstraction belonging to or characteristic of an entity | a general concept formed by extracting common features from specific examples | that which is perceived or known or inferred to have its own distinct existence (living or nonliving),SOCIETY IS A BODY
heat,heat%1:07:01::,omw-en-14038264-n,applies to nonhuman mammals: a state or period of heightened sexual arousal and activity,the condition or state of the body or bodily functions | a state at a particular time | the way something is with respect to its main attributes | an abstraction belonging to or characteristic of an entity | a general concept formed by extracting common features from specific examples,SOCIETY IS A BODY
heat,heat%1:07:01::,omw-en-07461288-n,a preliminary race in which the winner advances to a more important race,a contest of speed | an occasion on which a winner is selected from among two or more contestants | an event characteristic of persons forming groups | something that happens at a given place and time | a feature of the mental life of a living organism,SOCIETY IS A BODY
heat,heat%1:07:01::,omw-en-03509025-n,utility to warm a building,a facility composed of one or more pieces of equipment connected to or part of a structure and designed to provide a service such as heat or electricity or water or sewage disposal | a building or place that provides a particular service or is used for a particular industry | a man-made object taken as a whole | an assemblage of parts that is regarded as a single entity | a tangible and visible entity; an entity that can cast a shadow,SOCIETY IS A BODY
heat,heat%1:07:01::,omw-en-00371264-v,make hot or hotter,cause to change; make different; cause a transformation,SOCIETY IS A BODY
heat,heat%1:07:01::,omw-en-02333358-v,provide with heat,give something useful or necessary to | transfer possession of something concrete or abstract to somebody | cause to change ownership,SOCIETY IS A BODY
heat,heat%1:07:01::,omw-en-01761120-v,arouse or excite feelings and passions,"call forth (emotions, feelings, and responses) | make or cause to be or to become",SOCIETY IS A BODY
heat,heat%1:07:01::,omw-en-00372665-v,gain heat or get hot,undergo a transformation or a change of position or action | undergo a change; become different in essence; losing one's or its original nature,SOCIETY IS A BODY
shoulder,shoulder%1:08:00::,omw-en-05548840-n,the part of the body between the neck and the upper arm,any part of an organism such as an organ or extremity | a portion of a natural object | a separate and self-contained entity | an entity that has physical existence | that which is perceived or known or inferred to have its own distinct existence (living or nonliving),SOCIETY IS A BODY
shoulder,shoulder%1:08:00::,omw-en-07661583-n,a cut of meat including the upper joint of the foreleg,a piece of meat that has been cut from an animal carcass | the flesh of animals (including fishes and birds and snails) used as food | any solid substance (as opposed to liquid) that is used as a source of nourishment | matter that is solid at room temperature and pressure | that which has mass and occupies space,SOCIETY IS A BODY
shoulder,shoulder%1:08:00::,omw-en-05549061-n,a ball-and-socket joint between the head of the humerus and a cavity of the scapula,a freely moving joint in which a sphere on the head of one bone fits into a rounded cavity in the other bone | a joint so articulated as to move freely | (anatomy) the point of connection between two bones or elements of a skeleton (especially if it allows motion) | any part of an organism such as an organ or extremity | a portion of a natural object,SOCIETY IS A BODY
shoulder,shoulder%1:08:00::,omw-en-04207151-n,the part of a garment that covers or fits over the shoulder,a covering made of cloth | an artifact that covers something else (usually to protect or shelter or conceal it) | a man-made object taken as a whole | an assemblage of parts that is regarded as a single entity | a tangible and visible entity; an entity that can cast a shadow,SOCIETY IS A BODY
shoulder,shoulder%1:08:00::,omw-en-04206948-n,a narrow edge of land (usually unpaved) along the side of a road,the outside limit of an object or area or surface; a place farthest away from the center of something | the boundary of a specific area | the line or plane indicating the limit or extent of something | the outermost or farthest region or point | the extended spatial location of something,SOCIETY IS A BODY
shoulder,shoulder%1:08:00::,omw-en-01239359-v,lift onto one's shoulders,"raise from a lower to a higher position | cause to move or shift into a new position or place, both in a concrete and in an abstract sense",SOCIETY IS A BODY
shoulder,shoulder%1:08:00::,omw-en-01238907-v,push with the shoulders,"push forcefully | move with force | cause to move or shift into a new position or place, both in a concrete and in an abstract sense",SOCIETY IS A BODY
shoulder,shoulder%1:08:00::,omw-en-01239054-v,"carry a burden, either real or metaphoric","move while supporting, either in a vehicle or in one's hands or on one's body | cause to move or shift into a new position or place, both in a concrete and in an abstract sense",SOCIETY IS A BODY
army,army%1:14:00::,omw-en-08394922-n,the army of the United States of America; the agency that organizes and trains soldiers for land warfare,an administrative unit of government | a unit with administrative responsibilities | an organization regarded as part of a larger social group | a group of people who work together | people sharing some social relation,SOCIETY IS A BODY
army,army%1:14:00::,omw-en-08191230-n,a permanent organization of the military land forces of a nation or state,a force that is a branch of the armed forces | group of people willing to obey orders | a group of people who work together | people sharing some social relation | any number of entities (members) considered as a unit,SOCIETY IS A BODY
army,army%1:14:00::,omw-en-08183290-n,a large number of people united for some specific purpose,a large number of things or people considered together | a group of persons together in one place | people sharing some social relation | any number of entities (members) considered as a unit | a general concept formed by extracting common features from specific examples,SOCIETY IS A BODY
pat,pat%1:04:00::,omw-en-01799781-s,having only superficial plausibility,,LIFE IS A JOURNEY
pat,pat%1:04:00::,omw-en-00135342-s,exactly suited to the occasion,,LIFE IS A JOURNEY
pat,pat%1:04:00::,omw-en-07388987-n,the sound made by a gentle blow,the sudden occurrence of an audible event | an event that happens | something that happens at a given place and time | a feature of the mental life of a living organism | a general concept formed by extracting common features from specific examples,LIFE IS A JOURNEY
pat,pat%1:04:00::,omw-en-00125436-n,a light touch or stroke,the act of putting two things together with no space between them | something that people do or cause to happen | something that happens at a given place and time | a feature of the mental life of a living organism | a general concept formed by extracting common features from specific examples,LIFE IS A JOURNEY
pat,pat%1:04:00::,omw-en-00009859-r,completely or perfectly,,LIFE IS A JOURNEY
pat,pat%1:04:00::,omw-en-01243661-v,"pat or squeeze fondly or playfully, especially under the chin","touch or stroke lightly in a loving or endearing manner | touch lightly and repeatedly, as with brushing motions | make physical contact with, come in contact with",LIFE IS A JOURNEY
pat,pat%1:04:00::,omw-en-01233027-v,hit lightly,"deliver a sharp blow, as with the hand, fist, or weapon | make physical contact with, come in contact with",LIFE IS A JOURNEY
vision,vision%1:09:01::,omw-en-05768252-n,a vivid mental image,the ability to form mental images of things or events | any basic cognitive process in which some entity comes to stand for or represent something else | cognitive processes involved in obtaining and storing knowledge | (psychology) the performance of some composite cognitive activity; an operation that affects mental contents | the psychological result of perception and learning and reasoning,UNDERSTANDING IS SEEING
vision,vision%1:09:01::,omw-en-05654362-n,the ability to see; the visual faculty,a particular sense | the faculty through which the external world is apprehended | one of the inherent cognitive or perceptual powers of the mind | possession of the qualities (especially mental qualities) required to do something or get something done | the psychological result of perception and learning and reasoning | sensitivity to stimuli originating outside of the body | (physiology) responsiveness to external stimuli; the faculty of sensation | the faculty through which the external world is apprehended,UNDERSTANDING IS SEEING
vision,vision%1:09:01::,omw-en-05713524-n,the perceptual experience of seeing,an unelaborated elementary awareness of stimulation | the process of perceiving | cognitive processes involved in obtaining and storing knowledge | (psychology) the performance of some composite cognitive activity; an operation that affects mental contents | the psychological result of perception and learning and reasoning,UNDERSTANDING IS SEEING
vision,vision%1:09:01::,omw-en-05625465-n,the formation of a mental image of something that is not perceived as real and is not present to the senses,the ability to create | possession of the qualities (especially mental qualities) required to do something or get something done | the psychological result of perception and learning and reasoning | a feature of the mental life of a living organism | a general concept formed by extracting common features from specific examples,UNDERSTANDING IS SEEING
vision,vision%1:09:01::,omw-en-07288485-n,a religious or mystical experience of a supernatural appearance,an event as apprehended | an event that happens | something that happens at a given place and time | a feature of the mental life of a living organism | a general concept formed by extracting common features from specific examples,UNDERSTANDING IS SEEING
vision,vision%1:09:02::,omw-en-05768252-n,a vivid mental image,the ability to form mental images of things or events | any basic cognitive process in which some entity comes to stand for or represent something else | cognitive processes involved in obtaining and storing knowledge | (psychology) the performance of some composite cognitive activity; an operation that affects mental contents | the psychological result of perception and learning and reasoning,UNDERSTANDING IS SEEING
vision,vision%1:09:02::,omw-en-05654362-n,the ability to see; the visual faculty,a particular sense | the faculty through which the external world is apprehended | one of the inherent cognitive or perceptual powers of the mind | possession of the qualities (especially mental qualities) required to do something or get something done | the psychological result of perception and learning and reasoning | sensitivity to stimuli originating outside of the body | (physiology) responsiveness to external stimuli; the faculty of sensation | the faculty through which the external world is apprehended,UNDERSTANDING IS SEEING
vision,vision%1:09:02::,omw-en-05713524-n,the perceptual experience of seeing,an unelaborated elementary awareness of stimulation | the process of perceiving | cognitive processes involved in obtaining and storing knowledge | (psychology) the performance of some composite cognitive activity; an operation that affects mental contents | the psychological result of perception and learning and reasoning,UNDERSTANDING IS SEEING
vision,vision%1:09:02::,omw-en-05625465-n,the formation of a mental image of something that is not perceived as real and is not present to the senses,the ability to create | possession of the qualities (especially mental qualities) required to do something or get something done | the psychological result of perception and learning and reasoning | a feature of the mental life of a living organism | a general concept formed by extracting common features from specific examples,UNDERSTANDING IS SEEING
vision,vision%1:09:02::,omw-en-07288485-n,a religious or mystical experience of a supernatural appearance,an event as apprehended | an event that happens | something that happens at a given place and time | a feature of the mental life of a living organism | a general concept formed by extracting common features from specific examples,UNDERSTANDING IS SEEING
bran,bran%1:13:00::,omw-en-14806176-n,broken husks of the seeds of cereal grains that are separated from the flour by sifting,material consisting of seed coverings and small pieces of stem or leaves that have been separated from the seeds | material derived from plants | the tangible substance that goes into the makeup of a physical object | the real physical matter of which a person or thing consists | that which has mass and occupies space | something determined in relation to something that includes it,SOCIETY IS A BODY
bran,bran%1:13:00::,omw-en-07568991-n,food prepared from the husks of cereal grains,"coarse, indigestible plant food low in nutrients; its bulk stimulates intestinal peristalsis | a substance that can be used or prepared for use as food | any substance that can be metabolized by an animal to give energy and build tissue | a particular kind or species of matter with uniform properties | that which has mass and occupies space",SOCIETY IS A BODY
pea,pea%1:20:00::,omw-en-07725376-n,seed of a pea plant used for food,the seedpod of a leguminous plant (such as peas or beans or lentils) | edible seeds or roots or stems or leaves or bulbs or tubers or nonsweet fruits of any of numerous herbaceous plant | fresh fruits and vegetable grown for the market | any solid substance (as opposed to liquid) that is used as a source of nourishment | matter that is solid at room temperature and pressure,CONTROL IS UP
pea,pea%1:20:00::,omw-en-12560282-n,the fruit or seed of a pea plant,the fruit or seed of any of various bean or pea plants consisting of a case that splits along both sides when ripe and having the seeds attach to one side of the case | a several-seeded dehiscent fruit as e.g. of a leguminous plant | the ripened reproductive body of a seed plant | the parts of a plant involved in its reproduction | a functional and structural unit of a plant or fungus,CONTROL IS UP
pea,pea%1:20:00::,omw-en-12560016-n,a leguminous plant of the genus Pisum with small white flowers and long green pods containing edible green seeds,"an erect or climbing bean or pea plant of the family Leguminosae | a plant lacking a permanent woody stem; many are flowering garden plants or potherbs; some having medicinal properties; some are pests | green plant having a vascular system: ferns, gymnosperms, angiosperms | (botany) a living organism lacking the power of locomotion | a living thing that has (or can develop) the ability to act or function independently | a vine or climbing plant that readily grows up a support or over other plants | a plant with a weak stem that derives support from climbing, twining, or creeping along a surface | green plant having a vascular system: ferns, gymnosperms, angiosperms",CONTROL IS UP
pea,pea%1:13:00::,omw-en-07725376-n,seed of a pea plant used for food,the seedpod of a leguminous plant (such as peas or beans or lentils) | edible seeds or roots or stems or leaves or bulbs or tubers or nonsweet fruits of any of numerous herbaceous plant | fresh fruits and vegetable grown for the market | any solid substance (as opposed to liquid) that is used as a source of nourishment | matter that is solid at room temperature and pressure,CONTROL IS UP
pea,pea%1:13:00::,omw-en-12560282-n,the fruit or seed of a pea plant,the fruit or seed of any of various bean or pea plants consisting of a case that splits along both sides when ripe and having the seeds attach to one side of the case | a several-seeded dehiscent fruit as e.g. of a leguminous plant | the ripened reproductive body of a seed plant | the parts of a plant involved in its reproduction | a functional and structural unit of a plant or fungus,CONTROL IS UP
pea,pea%1:13:00::,omw-en-12560016-n,a leguminous plant of the genus Pisum with small white flowers and long green pods containing edible green seeds,"an erect or climbing bean or pea plant of the family Leguminosae | a plant lacking a permanent woody stem; many are flowering garden plants or potherbs; some having medicinal properties; some are pests | green plant having a vascular system: ferns, gymnosperms, angiosperms | (botany) a living organism lacking the power of locomotion | a living thing that has (or can develop) the ability to act or function independently | a vine or climbing plant that readily grows up a support or over other plants | a plant with a weak stem that derives support from climbing, twining, or creeping along a surface | green plant having a vascular system: ferns, gymnosperms, angiosperms",CONTROL IS UP
brain,brain%1:09:01::,omw-en-05481095-n,that part of the central nervous system that includes all the higher nervous centers; enclosed within the skull; continuous with the spinal cord,a structure that is part of the nervous system | a particular complex anatomical part of a living thing | any part of an organism such as an organ or extremity | a portion of a natural object | a separate and self-contained entity,SOCIETY IS A BODY
brain,brain%1:09:01::,omw-en-05618056-n,mental ability,the ability to comprehend; to understand and profit from experience | possession of the qualities (especially mental qualities) required to do something or get something done | the psychological result of perception and learning and reasoning | a feature of the mental life of a living organism | a general concept formed by extracting common features from specific examples,SOCIETY IS A BODY
brain,brain%1:09:01::,omw-en-05611302-n,that which is responsible for one's thoughts and feelings; the seat of the faculty of reason,the psychological result of perception and learning and reasoning | a feature of the mental life of a living organism | a general concept formed by extracting common features from specific examples | that which is perceived or known or inferred to have its own distinct existence (living or nonliving),SOCIETY IS A BODY
brain,brain%1:09:01::,omw-en-10126926-n,someone who has exceptional intellectual ability and originality,a person who uses the mind creatively | a human being | a living thing that has (or can develop) the ability to act or function independently | a living (or once living) entity | an assemblage of parts that is regarded as a single entity | any entity that produces an effect or is responsible for events or results | an entity that has physical existence | that which is perceived or known or inferred to have its own distinct existence (living or nonliving),SOCIETY IS A BODY
brain,brain%1:09:01::,omw-en-07652585-n,the brain of certain animals used as meat,edible viscera of a butchered animal | the flesh of animals (including fishes and birds and snails) used as food | any solid substance (as opposed to liquid) that is used as a source of nourishment | matter that is solid at room temperature and pressure | that which has mass and occupies space,SOCIETY IS A BODY
brain,brain%1:09:01::,omw-en-01401676-v,hit on the head,"deal a blow to, either with the hand or with an instrument | make physical contact with, come in contact with",SOCIETY IS A BODY
brain,brain%1:09:01::,omw-en-01327020-v,kill by smashing someone's skull,"cause to die; put to death, usually intentionally or knowingly",SOCIETY IS A BODY
brain,brain%1:08:00::,omw-en-05481095-n,that part of the central nervous system that includes all the higher nervous centers; enclosed within the skull; continuous with the spinal cord,a structure that is part of the nervous system | a particular complex anatomical part of a living thing | any part of an organism such as an organ or extremity | a portion of a natural object | a separate and self-contained entity,SOCIETY IS A BODY
brain,brain%1:08:00::,omw-en-05618056-n,mental ability,the ability to comprehend; to understand and profit from experience | possession of the qualities (especially mental qualities) required to do something or get something done | the psychological result of perception and learning and reasoning | a feature of the mental life of a living organism | a general concept formed by extracting common features from specific examples,SOCIETY IS A BODY
brain,brain%1:08:00::,omw-en-05611302-n,that which is responsible for one's thoughts and feelings; the seat of the faculty of reason,the psychological result of perception and learning and reasoning | a feature of the mental life of a living organism | a general concept formed by extracting common features from specific examples | that which is perceived or known or inferred to have its own distinct existence (living or nonliving),SOCIETY IS A BODY
brain,brain%1:08:00::,omw-en-10126926-n,someone who has exceptional intellectual ability and originality,a person who uses the mind creatively | a human being | a living thing that has (or can develop) the ability to act or function independently | a living (or once living) entity | an assemblage of parts that is regarded as a single entity | any entity that produces an effect or is responsible for events or results | an entity that has physical existence | that which is perceived or known or inferred to have its own distinct existence (living or nonliving),SOCIETY IS A BODY
brain,brain%1:08:00::,omw-en-07652585-n,the brain of certain animals used as meat,edible viscera of a butchered animal | the flesh of animals (including fishes and birds and snails) used as food | any solid substance (as opposed to liquid) that is used as a source of nourishment | matter that is solid at room temperature and pressure | that which has mass and occupies space,SOCIETY IS A BODY
brain,brain%1:08:00::,omw-en-01401676-v,hit on the head,"deal a blow to, either with the hand or with an instrument | make physical contact with, come in contact with",SOCIETY IS A BODY
brain,brain%1:08:00::,omw-en-01327020-v,kill by smashing someone's skull,"cause to die; put to death, usually intentionally or knowingly",SOCIETY IS A BODY
brain,brain%1:09:00::,omw-en-05481095-n,that part of the central nervous system that includes all the higher nervous centers; enclosed within the skull; continuous with the spinal cord,a structure that is part of the nervous system | a particular complex anatomical part of a living thing | any part of an organism such as an organ or extremity | a portion of a natural object | a separate and self-contained entity,SOCIETY IS A BODY
brain,brain%1:09:00::,omw-en-05618056-n,mental ability,the ability to comprehend; to understand and profit from experience | possession of the qualities (especially mental qualities) required to do something or get something done | the psychological result of perception and learning and reasoning | a feature of the mental life of a living organism | a general concept formed by extracting common features from specific examples,SOCIETY IS A BODY
brain,brain%1:09:00::,omw-en-05611302-n,that which is responsible for one's thoughts and feelings; the seat of the faculty of reason,the psychological result of perception and learning and reasoning | a feature of the mental life of a living organism | a general concept formed by extracting common features from specific examples | that which is perceived or known or inferred to have its own distinct existence (living or nonliving),SOCIETY IS A BODY
brain,brain%1:09:00::,omw-en-10126926-n,someone who has exceptional intellectual ability and originality,a person who uses the mind creatively | a human being | a living thing that has (or can develop) the ability to act or function independently | a living (or once living) entity | an assemblage of parts that is regarded as a single entity | any entity that produces an effect or is responsible for events or results | an entity that has physical existence | that which is perceived or known or inferred to have its own distinct existence (living or nonliving),SOCIETY IS A BODY
brain,brain%1:09:00::,omw-en-07652585-n,the brain of certain animals used as meat,edible viscera of a butchered animal | the flesh of animals (including fishes and birds and snails) used as food | any solid substance (as opposed to liquid) that is used as a source of nourishment | matter that is solid at room temperature and pressure | that which has mass and occupies space,SOCIETY IS A BODY
brain,brain%1:09:00::,omw-en-01401676-v,hit on the head,"deal a blow to, either with the hand or with an instrument | make physical contact with, come in contact with",SOCIETY IS A BODY
brain,brain%1:09:00::,omw-en-01327020-v,kill by smashing someone's skull,"cause to die; put to death, usually intentionally or knowingly",SOCIETY IS A BODY
peak,peak%1:26:00::,omw-en-13653902-n,the most extreme possible amount or value,the greatest amount of something that is possible or allowed | an estimated quantity | how much there is or how many there are of something that you can quantify | a general concept formed by extracting common features from specific examples | that which is perceived or known or inferred to have its own distinct existence (living or nonliving),CONTROL IS UP
peak,peak%1:26:00::,omw-en-15295045-n,the period of greatest prosperity or productivity,an amount of time | one of the four quantities that are the basis of systems of measurement | how much there is or how many there are of something that you can quantify | a general concept formed by extracting common features from specific examples | that which is perceived or known or inferred to have its own distinct existence (living or nonliving),CONTROL IS UP
peak,peak%1:26:00::,omw-en-13940456-n,the highest level or degree attainable; the highest stage of development,a specific identifiable position in a continuum or series or especially in a process | the way something is with respect to its main attributes | an abstraction belonging to or characteristic of an entity | a general concept formed by extracting common features from specific examples | that which is perceived or known or inferred to have its own distinct existence (living or nonliving),CONTROL IS UP
peak,peak%1:26:00::,omw-en-08617963-n,the top or extreme point of something (usually a mountain or hill),a point located with respect to surface features of some region | the precise location of something; a spatially limited location | a point or extent in space | a tangible and visible entity; an entity that can cast a shadow | an entity that has physical existence,CONTROL IS UP
peak,peak%1:26:00::,omw-en-13902482-n,a V shape,a shape that curves or bulges outward | a three-dimensional shape | the spatial arrangement of something as distinct from its substance | an abstraction belonging to or characteristic of an entity | a general concept formed by extracting common features from specific examples,CONTROL IS UP
peak,peak%1:26:00::,omw-en-08677801-n,the highest point (of something),the point located farthest from the middle of something | the outermost or farthest region or point | the extended spatial location of something | a point or extent in space | a tangible and visible entity; an entity that can cast a shadow,CONTROL IS UP
peak,peak%1:26:00::,omw-en-02838728-n,a brim that projects to the front to shade the eyes,a circular projection that sticks outward from the crown of a hat | any structure that branches out from a central support | a thing constructed; a complex entity constructed of many parts | a man-made object taken as a whole | an assemblage of parts that is regarded as a single entity,CONTROL IS UP
peak,peak%1:26:00::,omw-en-02008066-v,"to reach the highest point; attain maximum intensity, activity","reach a destination, either real or abstract",CONTROL IS UP
peak,peak%1:15:00::,omw-en-13653902-n,the most extreme possible amount or value,the greatest amount of something that is possible or allowed | an estimated quantity | how much there is or how many there are of something that you can quantify | a general concept formed by extracting common features from specific examples | that which is perceived or known or inferred to have its own distinct existence (living or nonliving),CONTROL IS UP
peak,peak%1:15:00::,omw-en-15295045-n,the period of greatest prosperity or productivity,an amount of time | one of the four quantities that are the basis of systems of measurement | how much there is or how many there are of something that you can quantify | a general concept formed by extracting common features from specific examples | that which is perceived or known or inferred to have its own distinct existence (living or nonliving),CONTROL IS UP
peak,peak%1:15:00::,omw-en-13940456-n,the highest level or degree attainable; the highest stage of development,a specific identifiable position in a continuum or series or especially in a process | the way something is with respect to its main attributes | an abstraction belonging to or characteristic of an entity | a general concept formed by extracting common features from specific examples | that which is perceived or known or inferred to have its own distinct existence (living or nonliving),CONTROL IS UP
peak,peak%1:15:00::,omw-en-08617963-n,the top or extreme point of something (usually a mountain or hill),a point located with respect to surface features of some region | the precise location of something; a spatially limited location | a point or extent in space | a tangible and visible entity; an entity that can cast a shadow | an entity that has physical existence,CONTROL IS UP
peak,peak%1:15:00::,omw-en-13902482-n,a V shape,a shape that curves or bulges outward | a three-dimensional shape | the spatial arrangement of something as distinct from its substance | an abstraction belonging to or characteristic of an entity | a general concept formed by extracting common features from specific examples,CONTROL IS UP
peak,peak%1:15:00::,omw-en-08677801-n,the highest point (of something),the point located farthest from the middle of something | the outermost or farthest region or point | the extended spatial location of something | a point or extent in space | a tangible and visible entity; an entity that can cast a shadow,CONTROL IS UP
peak,peak%1:15:00::,omw-en-02838728-n,a brim that projects to the front to shade the eyes,a circular projection that sticks outward from the crown of a hat | any structure that branches out from a central support | a thing constructed; a complex entity constructed of many parts | a man-made object taken as a whole | an assemblage of parts that is regarded as a single entity,CONTROL IS UP
peak,peak%1:15:00::,omw-en-02008066-v,"to reach the highest point; attain maximum intensity, activity","reach a destination, either real or abstract",CONTROL IS UP
waste,waste%1:27:00::,omw-en-01243102-s,located in a dismal or remote area; desolate,,TIME IS MONEY
waste,waste%1:27:00::,omw-en-14856263-n,any materials unused and rejected as worthless or unwanted,the tangible substance that goes into the makeup of a physical object | the real physical matter of which a person or thing consists | that which has mass and occupies space | an entity that has physical existence | that which is perceived or known or inferred to have its own distinct existence (living or nonliving) | something determined in relation to something that includes it | an abstraction belonging to or characteristic of two entities or parts together | a general concept formed by extracting common features from specific examples,TIME IS MONEY
waste,waste%1:27:00::,omw-en-00742645-n,useless or profitless activity; using or expending or consuming thoughtlessly or carelessly,any specific behavior | something that people do or cause to happen | something that happens at a given place and time | a feature of the mental life of a living organism | a general concept formed by extracting common features from specific examples,TIME IS MONEY
waste,waste%1:27:00::,omw-en-04894964-n,the trait of wasting resources,a lack of prudence and care by someone in the management of resources | a lack of caution in practical affairs | the trait of forgetting or ignoring possible danger | the quality of not being careful or taking pains | the trait of not being considerate and thoughtful of others,TIME IS MONEY
waste,waste%1:27:00::,omw-en-08504594-n,an uninhabited wilderness that is worthless for cultivation,a wild and uninhabited area left in its natural condition | a demarcated area of the Earth | a large indefinite location on the surface of the Earth | a point or extent in space | a tangible and visible entity; an entity that can cast a shadow,TIME IS MONEY
waste,waste%1:27:00::,omw-en-01252124-n,(law) reduction in the value of an estate caused by act or neglect,something that people do or cause to happen | something that happens at a given place and time | a feature of the mental life of a living organism | a general concept formed by extracting common features from specific examples | that which is perceived or known or inferred to have its own distinct existence (living or nonliving),TIME IS MONEY
waste,waste%1:27:00::,omw-en-02268351-v,spend thoughtlessly; throw away,"use up, consume fully",TIME IS MONEY
waste,waste%1:27:00::,omw-en-01161087-v,use inefficiently or inappropriately,put into service; make work or employ for a particular purpose or for its inherent or natural purpose,TIME IS MONEY
waste,waste%1:27:00::,omw-en-02223479-v,get rid of,throw or cast away | dispose of,TIME IS MONEY
waste,waste%1:27:00::,omw-en-02067889-v,run off as waste,"move along, of liquids | move so as to change position, perform a nontranslational motion",TIME IS MONEY
waste,waste%1:27:00::,omw-en-01327301-v,get rid of (someone who may be a threat) by killing,"cause to die; put to death, usually intentionally or knowingly",TIME IS MONEY
waste,waste%1:27:00::,omw-en-01158181-v,spend extravagantly,"pay out | give money, usually in exchange for goods or services | transfer possession of something concrete or abstract to somebody | cause to change ownership",TIME IS MONEY
waste,waste%1:27:00::,omw-en-00389992-v,"lose vigor, health, or flesh, as through grief","become weaker | decrease in size, extent, or range | change in size or magnitude | undergo a change; become different in essence; losing one's or its original nature",TIME IS MONEY
waste,waste%1:27:00::,omw-en-00389406-v,cause to grow thin or weak,make weak | lessen the strength of | cause to change; make different; cause a transformation,TIME IS MONEY
waste,waste%1:27:00::,omw-en-00388635-v,cause extensive destruction or ruin utterly,destroy completely; damage irreparably,TIME IS MONEY
waste,waste%1:27:00::,omw-en-00093775-v,become physically weaker,grow worse | grow worse | undergo a transformation or a change of position or action | undergo a change; become different in essence; losing one's or its original nature,TIME IS MONEY
patch,patch%1:07:00::,omw-en-04682462-n,a small contrasting part of something,a pattern of marks | a decorative or artistic work | something used to beautify | a man-made object taken as a whole | an assemblage of parts that is regarded as a single entity,LIFE IS A JOURNEY
patch,patch%1:07:00::,omw-en-08674739-n,a small area of ground covered by specific vegetation,an extended area of land | a demarcated area of the Earth | a large indefinite location on the surface of the Earth | a point or extent in space | a tangible and visible entity; an entity that can cast a shadow,LIFE IS A JOURNEY
patch,patch%1:07:00::,omw-en-03897943-n,a piece of cloth used as decoration or to mend or cover a hole,a separate part consisting of fabric | a separate part of a whole | something less than the whole of a human artifact | a tangible and visible entity; an entity that can cast a shadow | an entity that has physical existence | artifact made by weaving or felting or knitting or crocheting natural or synthetic fibers | a man-made object taken as a whole | an assemblage of parts that is regarded as a single entity | a tangible and visible entity; an entity that can cast a shadow,LIFE IS A JOURNEY
patch,patch%1:07:00::,omw-en-15246353-n,a period of indeterminate length (usually short) marked by some action or condition,an indefinite period (usually marked by specific attributes or activities) | an amount of time | one of the four quantities that are the basis of systems of measurement | how much there is or how many there are of something that you can quantify | a general concept formed by extracting common features from specific examples,LIFE IS A JOURNEY
patch,patch%1:07:00::,omw-en-06573223-n,a short set of commands to correct a bug in a computer program,(computer science) a sequence of instructions that a computer can interpret and execute | (computer science) written programs or procedures or rules and associated documentation pertaining to the operation of a computer system and that are stored in read/write memory | (computer science) the symbolic arrangement of data or instructions in a computer program or the set of such instructions | a system of signals used to represent letters or numbers in transmitting messages | letters or symbols that are written or imprinted on a surface to represent the sounds or words of a language,LIFE IS A JOURNEY
patch,patch%1:07:00::,omw-en-04408871-n,a connection intended to be used for a limited time,an instrumentality that connects | an artifact (or system of artifacts) that is instrumental in accomplishing some end | a man-made object taken as a whole | an assemblage of parts that is regarded as a single entity | a tangible and visible entity; an entity that can cast a shadow | any improvised arrangement for temporary use | an orderly grouping (of things or persons) considered as a unit; the result of arranging | any number of entities (members) considered as a unit | a general concept formed by extracting common features from specific examples | that which is perceived or known or inferred to have its own distinct existence (living or nonliving),LIFE IS A JOURNEY
patch,patch%1:07:00::,omw-en-03745285-n,sewing that repairs a worn or torn hole (especially in a garment),needlework on which you are working with needle and thread | a creation created or assembled by needle and thread | an artifact that has been brought into existence by someone | a man-made object taken as a whole | an assemblage of parts that is regarded as a single entity,LIFE IS A JOURNEY
patch,patch%1:07:00::,omw-en-03309356-n,a protective cloth covering for an injured eye,a covering made of cloth | an artifact that covers something else (usually to protect or shelter or conceal it) | a man-made object taken as a whole | an assemblage of parts that is regarded as a single entity | a tangible and visible entity; an entity that can cast a shadow,LIFE IS A JOURNEY
patch,patch%1:07:00::,omw-en-02785648-n,a piece of soft material that covers and protects an injured part of the body,a cloth covering for a wound or sore | a covering made of cloth | an artifact that covers something else (usually to protect or shelter or conceal it) | a man-made object taken as a whole | an assemblage of parts that is regarded as a single entity,LIFE IS A JOURNEY
patch,patch%1:07:00::,omw-en-01590171-v,to join or unite the pieces of,"make contact or come together | connect, fasten, or put together two or more pieces",LIFE IS A JOURNEY
patch,patch%1:07:00::,omw-en-02357693-v,provide with a patch; also used metaphorically,give something useful or necessary to | transfer possession of something concrete or abstract to somebody | cause to change ownership,LIFE IS A JOURNEY
patch,patch%1:07:00::,omw-en-00262703-v,mend by putting a patch on,restore by replacing a part or putting together what is torn or broken | to make better | cause to change; make different; cause a transformation,LIFE IS A JOURNEY
patch,patch%1:07:00::,omw-en-00261705-v,repair by adding pieces,restore by replacing a part or putting together what is torn or broken | to make better | cause to change; make different; cause a transformation,LIFE IS A JOURNEY
view,view%1:09:04::,omw-en-06208751-n,a way of regarding situations or topics etc.,an integrated set of attitudes and beliefs | a complex mental state involving beliefs and feelings and values and dispositions to act in certain ways | the psychological result of perception and learning and reasoning | a feature of the mental life of a living organism | a general concept formed by extracting common features from specific examples,UNDERSTANDING IS SEEING
view,view%1:09:04::,omw-en-05933246-n,the visual percept of a region,"a percept that arises from the eyes; an image in the visual system | the representation of what is perceived; basic component in the formation of a concept | a presentation to the mind in the form of an idea or image | the sum or range of what has been perceived, discovered, or learned | the psychological result of perception and learning and reasoning",UNDERSTANDING IS SEEING
view,view%1:09:04::,omw-en-00881649-n,the act of looking or seeing or observing,the act of directing the eyes toward something and perceiving it visually | becoming aware of something via the senses | activity intended to achieve a particular sensory result | any specific behavior | something that people do or cause to happen,UNDERSTANDING IS SEEING
view,view%1:09:04::,omw-en-08560952-n,the range of the eye,the limits within which something can be effective | as far as something can go | the outermost or farthest region or point | the extended spatial location of something | a point or extent in space,UNDERSTANDING IS SEEING
view,view%1:09:04::,omw-en-05945642-n,a personal belief or judgment that is not founded on proof or certainty,"any cognitive content held as true | the sum or range of what has been perceived, discovered, or learned | the psychological result of perception and learning and reasoning | a feature of the mental life of a living organism | a general concept formed by extracting common features from specific examples",UNDERSTANDING IS SEEING
view,view%1:09:04::,omw-en-06782019-n,a message expressing a belief about something; the expression of a belief that is held with confidence but not substantiated by positive knowledge or proof,what a communication that is about something is about | something that is communicated by or to or between people or groups | a general concept formed by extracting common features from specific examples | that which is perceived or known or inferred to have its own distinct existence (living or nonliving),UNDERSTANDING IS SEEING
view,view%1:09:04::,omw-en-05983463-n,purpose; the phrase `with a view to' means `with the intention of' or `for the purpose of',"an anticipated outcome that is intended or that guides your planned actions | the state of affairs that a plan is intended to achieve and that (when achieved) terminates behavior intended to achieve it | the sum or range of what has been perceived, discovered, or learned | the psychological result of perception and learning and reasoning | a feature of the mental life of a living organism",UNDERSTANDING IS SEEING
view,view%1:09:04::,omw-en-04144782-n,graphic art consisting of the graphic or photographic representation of a visual percept,the arts of drawing or painting or printmaking | the products of human creativity; works of art collectively | an artifact that has been brought into existence by someone | a man-made object taken as a whole | an assemblage of parts that is regarded as a single entity,UNDERSTANDING IS SEEING
view,view%1:09:04::,omw-en-05127782-n,the range of interest or activity that can be anticipated,an area in which something acts or operates or has power or control | the distance or area or volume over which something extends | the property of relative size or extent (whether large or small) | a basic or essential attribute shared by all members of a class | an abstraction belonging to or characteristic of an entity,UNDERSTANDING IS SEEING
view,view%1:09:04::,omw-en-04674861-n,outward appearance,outward or visible aspect of a person or thing | an essential and distinguishing attribute of something or someone | an abstraction belonging to or characteristic of an entity | a general concept formed by extracting common features from specific examples | that which is perceived or known or inferred to have its own distinct existence (living or nonliving),UNDERSTANDING IS SEEING
view,view%1:09:04::,omw-en-00690614-v,deem to be,"judge or regard; look upon; judge | form a critical opinion of | use or exercise the mind or one's power of reason in order to make inferences, decisions, or arrive at a solution or judgments",UNDERSTANDING IS SEEING
view,view%1:09:04::,omw-en-02130300-v,look at carefully; study mentally,consider in detail and subject to an analysis in order to discover essential features or meaning,UNDERSTANDING IS SEEING
view,view%1:09:04::,omw-en-02150948-v,see or watch,look attentively,UNDERSTANDING IS SEEING
view,view%1:09:01::,omw-en-06208751-n,a way of regarding situations or topics etc.,an integrated set of attitudes and beliefs | a complex mental state involving beliefs and feelings and values and dispositions to act in certain ways | the psychological result of perception and learning and reasoning | a feature of the mental life of a living organism | a general concept formed by extracting common features from specific examples,UNDERSTANDING IS SEEING
view,view%1:09:01::,omw-en-05933246-n,the visual percept of a region,"a percept that arises from the eyes; an image in the visual system | the representation of what is perceived; basic component in the formation of a concept | a presentation to the mind in the form of an idea or image | the sum or range of what has been perceived, discovered, or learned | the psychological result of perception and learning and reasoning",UNDERSTANDING IS SEEING
view,view%1:09:01::,omw-en-00881649-n,the act of looking or seeing or observing,the act of directing the eyes toward something and perceiving it visually | becoming aware of something via the senses | activity intended to achieve a particular sensory result | any specific behavior | something that people do or cause to happen,UNDERSTANDING IS SEEING
view,view%1:09:01::,omw-en-08560952-n,the range of the eye,the limits within which something can be effective | as far as something can go | the outermost or farthest region or point | the extended spatial location of something | a point or extent in space,UNDERSTANDING IS SEEING
view,view%1:09:01::,omw-en-05945642-n,a personal belief or judgment that is not founded on proof or certainty,"any cognitive content held as true | the sum or range of what has been perceived, discovered, or learned | the psychological result of perception and learning and reasoning | a feature of the mental life of a living organism | a general concept formed by extracting common features from specific examples",UNDERSTANDING IS SEEING
view,view%1:09:01::,omw-en-06782019-n,a message expressing a belief about something; the expression of a belief that is held with confidence but not substantiated by positive knowledge or proof,what a communication that is about something is about | something that is communicated by or to or between people or groups | a general concept formed by extracting common features from specific examples | that which is perceived or known or inferred to have its own distinct existence (living or nonliving),UNDERSTANDING IS SEEING
view,view%1:09:01::,omw-en-05983463-n,purpose; the phrase `with a view to' means `with the intention of' or `for the purpose of',"an anticipated outcome that is intended or that guides your planned actions | the state of affairs that a plan is intended to achieve and that (when achieved) terminates behavior intended to achieve it | the sum or range of what has been perceived, discovered, or learned | the psychological result of perception and learning and reasoning | a feature of the mental life of a living organism",UNDERSTANDING IS SEEING
view,view%1:09:01::,omw-en-04144782-n,graphic art consisting of the graphic or photographic representation of a visual percept,the arts of drawing or painting or printmaking | the products of human creativity; works of art collectively | an artifact that has been brought into existence by someone | a man-made object taken as a whole | an assemblage of parts that is regarded as a single entity,UNDERSTANDING IS SEEING
view,view%1:09:01::,omw-en-05127782-n,the range of interest or activity that can be anticipated,an area in which something acts or operates or has power or control | the distance or area or volume over which something extends | the property of relative size or extent (whether large or small) | a basic or essential attribute shared by all members of a class | an abstraction belonging to or characteristic of an entity,UNDERSTANDING IS SEEING
view,view%1:09:01::,omw-en-04674861-n,outward appearance,outward or visible aspect of a person or thing | an essential and distinguishing attribute of something or someone | an abstraction belonging to or characteristic of an entity | a general concept formed by extracting common features from specific examples | that which is perceived or known or inferred to have its own distinct existence (living or nonliving),UNDERSTANDING IS SEEING
view,view%1:09:01::,omw-en-00690614-v,deem to be,"judge or regard; look upon; judge | form a critical opinion of | use or exercise the mind or one's power of reason in order to make inferences, decisions, or arrive at a solution or judgments",UNDERSTANDING IS SEEING
view,view%1:09:01::,omw-en-02130300-v,look at carefully; study mentally,consider in detail and subject to an analysis in order to discover essential features or meaning,UNDERSTANDING IS SEEING
view,view%1:09:01::,omw-en-02150948-v,see or watch,look attentively,UNDERSTANDING IS SEEING
view,view%1:09:00::,omw-en-06208751-n,a way of regarding situations or topics etc.,an integrated set of attitudes and beliefs | a complex mental state involving beliefs and feelings and values and dispositions to act in certain ways | the psychological result of perception and learning and reasoning | a feature of the mental life of a living organism | a general concept formed by extracting common features from specific examples,UNDERSTANDING IS SEEING
view,view%1:09:00::,omw-en-05933246-n,the visual percept of a region,"a percept that arises from the eyes; an image in the visual system | the representation of what is perceived; basic component in the formation of a concept | a presentation to the mind in the form of an idea or image | the sum or range of what has been perceived, discovered, or learned | the psychological result of perception and learning and reasoning",UNDERSTANDING IS SEEING
view,view%1:09:00::,omw-en-00881649-n,the act of looking or seeing or observing,the act of directing the eyes toward something and perceiving it visually | becoming aware of something via the senses | activity intended to achieve a particular sensory result | any specific behavior | something that people do or cause to happen,UNDERSTANDING IS SEEING
view,view%1:09:00::,omw-en-08560952-n,the range of the eye,the limits within which something can be effective | as far as something can go | the outermost or farthest region or point | the extended spatial location of something | a point or extent in space,UNDERSTANDING IS SEEING
view,view%1:09:00::,omw-en-05945642-n,a personal belief or judgment that is not founded on proof or certainty,"any cognitive content held as true | the sum or range of what has been perceived, discovered, or learned | the psychological result of perception and learning and reasoning | a feature of the mental life of a living organism | a general concept formed by extracting common features from specific examples",UNDERSTANDING IS SEEING
view,view%1:09:00::,omw-en-06782019-n,a message expressing a belief about something; the expression of a belief that is held with confidence but not substantiated by positive knowledge or proof,what a communication that is about something is about | something that is communicated by or to or between people or groups | a general concept formed by extracting common features from specific examples | that which is perceived or known or inferred to have its own distinct existence (living or nonliving),UNDERSTANDING IS SEEING
view,view%1:09:00::,omw-en-05983463-n,purpose; the phrase `with a view to' means `with the intention of' or `for the purpose of',"an anticipated outcome that is intended or that guides your planned actions | the state of affairs that a plan is intended to achieve and that (when achieved) terminates behavior intended to achieve it | the sum or range of what has been perceived, discovered, or learned | the psychological result of perception and learning and reasoning | a feature of the mental life of a living organism",UNDERSTANDING IS SEEING
view,view%1:09:00::,omw-en-04144782-n,graphic art consisting of the graphic or photographic representation of a visual percept,the arts of drawing or painting or printmaking | the products of human creativity; works of art collectively | an artifact that has been brought into existence by someone | a man-made object taken as a whole | an assemblage of parts that is regarded as a single entity,UNDERSTANDING IS SEEING
view,view%1:09:00::,omw-en-05127782-n,the range of interest or activity that can be anticipated,an area in which something acts or operates or has power or control | the distance or area or volume over which something extends | the property of relative size or extent (whether large or small) | a basic or essential attribute shared by all members of a class | an abstraction belonging to or characteristic of an entity,UNDERSTANDING IS SEEING
view,view%1:09:00::,omw-en-04674861-n,outward appearance,outward or visible aspect of a person or thing | an essential and distinguishing attribute of something or someone | an abstraction belonging to or characteristic of an entity | a general concept formed by extracting common features from specific examples | that which is perceived or known or inferred to have its own distinct existence (living or nonliving),UNDERSTANDING IS SEEING
view,view%1:09:00::,omw-en-00690614-v,deem to be,"judge or regard; look upon; judge | form a critical opinion of | use or exercise the mind or one's power of reason in order to make inferences, decisions, or arrive at a solution or judgments",UNDERSTANDING IS SEEING
view,view%1:09:00::,omw-en-02130300-v,look at carefully; study mentally,consider in detail and subject to an analysis in order to discover essential features or meaning,UNDERSTANDING IS SEEING
view,view%1:09:00::,omw-en-02150948-v,see or watch,look attentively,UNDERSTANDING IS SEEING
strategy,strategy%1:09:00::,omw-en-05905348-n,an elaborate and systematic plan of action,"a plan for actively doing something | a series of steps to be carried out or goals to be accomplished | the content of cognition; the main thing you are thinking about | the sum or range of what has been perceived, discovered, or learned | the psychological result of perception and learning and reasoning",ARGUMENT IS WAR
strategy,strategy%1:09:00::,omw-en-06249177-n,the branch of military science dealing with military command and the planning and conduct of a war,"the discipline dealing with the principles of warfare | a branch of knowledge | the content of a particular field of knowledge | the sum or range of what has been perceived, discovered, or learned | the psychological result of perception and learning and reasoning",ARGUMENT IS WAR
flight,flight%1:04:00::,omw-en-08220534-n,a formation of aircraft in flight,an arrangement of people or things acting as a unit | an orderly grouping (of things or persons) considered as a unit; the result of arranging | any number of entities (members) considered as a unit | a general concept formed by extracting common features from specific examples | that which is perceived or known or inferred to have its own distinct existence (living or nonliving),ARGUMENT IS WAR
flight,flight%1:04:00::,omw-en-00302394-n,an instance of traveling by air,travel via aircraft | the act of going from one place to another | the act of changing location from one place to another | the action of changing something | something done (usually as opposed to something said),ARGUMENT IS WAR
flight,flight%1:04:00::,omw-en-03363059-n,a stairway (set of steps) between one floor or landing and the next,a way of access (upward and downward) consisting of a set of steps | any artifact consisting of a road or path affording passage from one place to another | a man-made object taken as a whole | an assemblage of parts that is regarded as a single entity | a tangible and visible entity; an entity that can cast a shadow,ARGUMENT IS WAR
flight,flight%1:04:00::,omw-en-00058743-n,the act of escaping physically,the act of leaving (without permission) the place you are expected to be | something that people do or cause to happen | something that happens at a given place and time | a feature of the mental life of a living organism | a general concept formed by extracting common features from specific examples,ARGUMENT IS WAR
flight,flight%1:04:00::,omw-en-08220440-n,an air force unit smaller than a squadron,a military unit that is part of the airforce | a unit that is part of some military service | an organization regarded as part of a larger social group | a group of people who work together | people sharing some social relation,ARGUMENT IS WAR
flight,flight%1:04:00::,omw-en-05625210-n,passing above and beyond ordinary bounds,the ability to create | possession of the qualities (especially mental qualities) required to do something or get something done | the psychological result of perception and learning and reasoning | a feature of the mental life of a living organism | a general concept formed by extracting common features from specific examples,ARGUMENT IS WAR
flight,flight%1:04:00::,omw-en-11481334-n,the path followed by an object moving through space,a physical phenomenon associated with the equilibrium or motion of objects | a natural phenomenon involving the physical properties of matter and energy | all phenomena that are not artificial | any state or process known through the senses rather than by intuition or reasoning | a sustained phenomenon or one marked by gradual changes through a series of states,ARGUMENT IS WAR
flight,flight%1:04:00::,omw-en-08220620-n,a flock of flying birds,a group of birds | a group of animals | a group of plants or animals | any number of entities (members) considered as a unit | a general concept formed by extracting common features from specific examples,ARGUMENT IS WAR
flight,flight%1:04:00::,omw-en-00301192-n,a scheduled trip by plane between designated airports,a journey for some purpose (usually including the return) | the act of traveling from one place to another | the act of going from one place to another | the act of changing location from one place to another | the action of changing something,ARGUMENT IS WAR
flight,flight%1:04:00::,omw-en-02484771-v,shoot a bird in flight,"kill by firing a missile | cause to die; put to death, usually intentionally or knowingly",ARGUMENT IS WAR
flight,flight%1:04:00::,omw-en-01940868-v,fly in a flock,"travel through the air; be airborne | change location; move, travel, or proceed, also metaphorically",ARGUMENT IS WAR
flight,flight%1:04:00::,omw-en-01669792-v,decorate with feathers,"make more attractive by adding ornament, colour, etc. | cause to change; make different; cause a transformation",ARGUMENT IS WAR
flight,flight%1:14:01::,omw-en-08220534-n,a formation of aircraft in flight,an arrangement of people or things acting as a unit | an orderly grouping (of things or persons) considered as a unit; the result of arranging | any number of entities (members) considered as a unit | a general concept formed by extracting common features from specific examples | that which is perceived or known or inferred to have its own distinct existence (living or nonliving),ARGUMENT IS WAR
flight,flight%1:14:01::,omw-en-00302394-n,an instance of traveling by air,travel via aircraft | the act of going from one place to another | the act of changing location from one place to another | the action of changing something | something done (usually as opposed to something said),ARGUMENT IS WAR
flight,flight%1:14:01::,omw-en-03363059-n,a stairway (set of steps) between one floor or landing and the next,a way of access (upward and downward) consisting of a set of steps | any artifact consisting of a road or path affording passage from one place to another | a man-made object taken as a whole | an assemblage of parts that is regarded as a single entity | a tangible and visible entity; an entity that can cast a shadow,ARGUMENT IS WAR
flight,flight%1:14:01::,omw-en-00058743-n,the act of escaping physically,the act of leaving (without permission) the place you are expected to be | something that people do or cause to happen | something that happens at a given place and time | a feature of the mental life of a living organism | a general concept formed by extracting common features from specific examples,ARGUMENT IS WAR
flight,flight%1:14:01::,omw-en-08220440-n,an air force unit smaller than a squadron,a military unit that is part of the airforce | a unit that is part of some military service | an organization regarded as part of a larger social group | a group of people who work together | people sharing some social relation,ARGUMENT IS WAR
flight,flight%1:14:01::,omw-en-05625210-n,passing above and beyond ordinary bounds,the ability to create | possession of the qualities (especially mental qualities) required to do something or get something done | the psychological result of perception and learning and reasoning | a feature of the mental life of a living organism | a general concept formed by extracting common features from specific examples,ARGUMENT IS WAR
flight,flight%1:14:01::,omw-en-11481334-n,the path followed by an object moving through space,a physical phenomenon associated with the equilibrium or motion of objects | a natural phenomenon involving the physical properties of matter and energy | all phenomena that are not artificial | any state or process known through the senses rather than by intuition or reasoning | a sustained phenomenon or one marked by gradual changes through a series of states,ARGUMENT IS WAR
flight,flight%1:14:01::,omw-en-08220620-n,a flock of flying birds,a group of birds | a group of animals | a group of plants or animals | any number of entities (members) considered as a unit | a general concept formed by extracting common features from specific examples,ARGUMENT IS WAR
flight,flight%1:14:01::,omw-en-00301192-n,a scheduled trip by plane between designated airports,a journey for some purpose (usually including the return) | the act of traveling from one place to another | the act of going from one place to another | the act of changing location from one place to another | the action of changing something,ARGUMENT IS WAR
flight,flight%1:14:01::,omw-en-02484771-v,shoot a bird in flight,"kill by firing a missile | cause to die; put to death, usually intentionally or knowingly",ARGUMENT IS WAR
flight,flight%1:14:01::,omw-en-01940868-v,fly in a flock,"travel through the air; be airborne | change location; move, travel, or proceed, also metaphorically",ARGUMENT IS WAR
flight,flight%1:14:01::,omw-en-01669792-v,decorate with feathers,"make more attractive by adding ornament, colour, etc. | cause to change; make different; cause a transformation",ARGUMENT IS WAR
guide,guide%1:18:02::,omw-en-10741821-n,someone employed to conduct others,an attendant who is employed to accompany someone | someone who waits on or tends to or attends to the needs of another | a person who contributes to the fulfillment of a need or furtherance of an effort or purpose | a person who works at a specific occupation | a human being,LIFE IS A JOURNEY
guide,guide%1:18:02::,omw-en-10151570-n,someone who shows the way by leading or advising,a person who rules or guides or inspires others | a human being | a living thing that has (or can develop) the ability to act or function independently | a living (or once living) entity | an assemblage of parts that is regarded as a single entity | any entity that produces an effect or is responsible for events or results | an entity that has physical existence | that which is perceived or known or inferred to have its own distinct existence (living or nonliving),LIFE IS A JOURNEY
guide,guide%1:18:02::,omw-en-06422740-n,something that offers basic information or instruction,a concise reference book providing specific information about a subject or location | a book to which you can refer for authoritative facts | a written work or composition that has been published (printed on pages bound together) | a copy of a printed work offered for distribution | a product produced or accomplished through the effort or activity or agency of a person or thing,LIFE IS A JOURNEY
guide,guide%1:18:02::,omw-en-05938976-n,a model or standard for making comparisons,"a representative form or pattern | a presentation to the mind in the form of an idea or image | the sum or range of what has been perceived, discovered, or learned | the psychological result of perception and learning and reasoning | a feature of the mental life of a living organism",LIFE IS A JOURNEY
guide,guide%1:18:02::,omw-en-10562749-n,someone who can find paths through unexplored territory,a person with special knowledge or ability who performs skillfully | a human being | a living thing that has (or can develop) the ability to act or function independently | a living (or once living) entity | an assemblage of parts that is regarded as a single entity | any entity that produces an effect or is responsible for events or results | an entity that has physical existence | that which is perceived or known or inferred to have its own distinct existence (living or nonliving),LIFE IS A JOURNEY
guide,guide%1:18:02::,omw-en-03466027-n,a structure or marking that serves to direct the motion or positioning of something,a thing constructed; a complex entity constructed of many parts | a man-made object taken as a whole | an assemblage of parts that is regarded as a single entity | a tangible and visible entity; an entity that can cast a shadow | an entity that has physical existence,LIFE IS A JOURNEY
guide,guide%1:18:02::,omw-en-01931768-v,direct the course; determine the direction of travelling,exercise authoritative control or power over,LIFE IS A JOURNEY
guide,guide%1:18:02::,omw-en-01999798-v,take somebody somewhere,,LIFE IS A JOURNEY
guide,guide%1:18:02::,omw-en-02439732-v,be a guiding or motivating force or drive,"be in charge of | be in charge of, act on, or dispose of | exercise authoritative control or power over",LIFE IS A JOURNEY
guide,guide%1:18:02::,omw-en-02159427-v,use as a guide,"determine one's position with reference to another point | reach, make, or come to a decision about something",LIFE IS A JOURNEY
guide,guide%1:18:02::,omw-en-01212230-v,"pass over, across, or through",,LIFE IS A JOURNEY
budget,budget%1:21:02::,omw-en-13421832-n,a sum of money allocated for a particular purpose,a reserve of money set aside for some purpose | the most common medium of exchange; functions as legal tender | anything that is generally accepted as a standard of value and a measure of wealth in a particular country or region | a basis for comparison; a reference point against which other things can be evaluated | a system of related measures that facilitates the quantification of some particular characteristic,TIME IS MONEY
budget,budget%1:21:02::,omw-en-13421462-n,a summary of intended expenditures along with proposals for how to meet them,"a series of steps to be carried out or goals to be accomplished | the content of cognition; the main thing you are thinking about | the sum or range of what has been perceived, discovered, or learned | the psychological result of perception and learning and reasoning | a feature of the mental life of a living organism",TIME IS MONEY
budget,budget%1:21:02::,omw-en-00724029-v,make a budget,"make a mathematical calculation or computation | think logically | use or exercise the mind or one's power of reason in order to make inferences, decisions, or arrive at a solution or judgments",TIME IS MONEY
heart,heart%1:08:00::,omw-en-05919263-n,the locus of feelings and intuitions,"an impression that something might be the case | a vague idea in which some confidence is placed | the content of cognition; the main thing you are thinking about | the sum or range of what has been perceived, discovered, or learned | the psychological result of perception and learning and reasoning",SOCIETY IS A BODY
heart,heart%1:08:00::,omw-en-05388805-n,the hollow muscular organ located behind the sternum and between the lungs; its rhythmic contractions move the blood through the body,a main organ that is situated inside the body | a fully differentiated structural and functional unit in an animal that is specialized for some particular function | any part of an organism such as an organ or extremity | a portion of a natural object | a separate and self-contained entity,SOCIETY IS A BODY
heart,heart%1:08:00::,omw-en-04857490-n,the courage to carry on,a quality of spirit that enables you to face danger or pain without showing fear | a fundamental emotional and activating principle determining one's character | the inherent complex of attributes that determines a persons moral and ethical actions and reactions | a distinguishing feature of your personal nature | an abstraction belonging to or characteristic of an entity,SOCIETY IS A BODY
heart,heart%1:08:00::,omw-en-08523483-n,an area that is approximately central within some larger region,a particular geographical region of indefinite boundary (usually serving some special purpose or distinguished by its people or culture or geography) | a large indefinite location on the surface of the Earth | a point or extent in space | a tangible and visible entity; an entity that can cast a shadow | an entity that has physical existence,SOCIETY IS A BODY
heart,heart%1:08:00::,omw-en-05921123-n,the choicest or most essential or most vital part of some idea or experience,"the sum or range of what has been perceived, discovered, or learned | the psychological result of perception and learning and reasoning | a feature of the mental life of a living organism | a general concept formed by extracting common features from specific examples | that which is perceived or known or inferred to have its own distinct existence (living or nonliving)",SOCIETY IS A BODY
heart,heart%1:08:00::,omw-en-04624826-n,an inclination or tendency of a certain kind,your usual mood | the complex of emotional and intellectual attributes that determine a person's characteristic actions and reactions | a distinguishing feature of your personal nature | an abstraction belonging to or characteristic of an entity | a general concept formed by extracting common features from specific examples,SOCIETY IS A BODY
heart,heart%1:08:00::,omw-en-13865904-n,a plane figure with rounded sides curving inward at the top and intersecting at the bottom; conventionally used on playing cards and valentines,a two-dimensional shape | a combination of points and lines and planes that form a visible palpable shape | the spatial arrangement of something as distinct from its substance | an abstraction belonging to or characteristic of an entity | a general concept formed by extracting common features from specific examples,SOCIETY IS A BODY
heart,heart%1:08:00::,omw-en-07651905-n,a firm rather dry variety meat (usually beef or veal),edible viscera of a butchered animal | the flesh of animals (including fishes and birds and snails) used as food | any solid substance (as opposed to liquid) that is used as a source of nourishment | matter that is solid at room temperature and pressure | that which has mass and occupies space,SOCIETY IS A BODY
heart,heart%1:08:00::,omw-en-07544647-n,a positive feeling of liking,the experiencing of affective and emotional states | the way something is with respect to its main attributes | an abstraction belonging to or characteristic of an entity | a general concept formed by extracting common features from specific examples | that which is perceived or known or inferred to have its own distinct existence (living or nonliving),SOCIETY IS A BODY
heart,heart%1:08:00::,omw-en-03507048-n,a playing card in the major suit that has one or more red hearts on it,one of a pack of cards that are used to play card games | one of a set of small pieces of stiff paper marked in various ways and used for playing games or for telling fortunes | a material made of cellulose pulp derived mainly from wood or rags or certain grasses | the tangible substance that goes into the makeup of a physical object | the real physical matter of which a person or thing consists,SOCIETY IS A BODY
heart,heart%1:09:00::,omw-en-05919263-n,the locus of feelings and intuitions,"an impression that something might be the case | a vague idea in which some confidence is placed | the content of cognition; the main thing you are thinking about | the sum or range of what has been perceived, discovered, or learned | the psychological result of perception and learning and reasoning",SOCIETY IS A BODY
heart,heart%1:09:00::,omw-en-05388805-n,the hollow muscular organ located behind the sternum and between the lungs; its rhythmic contractions move the blood through the body,a main organ that is situated inside the body | a fully differentiated structural and functional unit in an animal that is specialized for some particular function | any part of an organism such as an organ or extremity | a portion of a natural object | a separate and self-contained entity,SOCIETY IS A BODY
heart,heart%1:09:00::,omw-en-04857490-n,the courage to carry on,a quality of spirit that enables you to face danger or pain without showing fear | a fundamental emotional and activating principle determining one's character | the inherent complex of attributes that determines a persons moral and ethical actions and reactions | a distinguishing feature of your personal nature | an abstraction belonging to or characteristic of an entity,SOCIETY IS A BODY
heart,heart%1:09:00::,omw-en-08523483-n,an area that is approximately central within some larger region,a particular geographical region of indefinite boundary (usually serving some special purpose or distinguished by its people or culture or geography) | a large indefinite location on the surface of the Earth | a point or extent in space | a tangible and visible entity; an entity that can cast a shadow | an entity that has physical existence,SOCIETY IS A BODY
heart,heart%1:09:00::,omw-en-05921123-n,the choicest or most essential or most vital part of some idea or experience,"the sum or range of what has been perceived, discovered, or learned | the psychological result of perception and learning and reasoning | a feature of the mental life of a living organism | a general concept formed by extracting common features from specific examples | that which is perceived or known or inferred to have its own distinct existence (living or nonliving)",SOCIETY IS A BODY
heart,heart%1:09:00::,omw-en-04624826-n,an inclination or tendency of a certain kind,your usual mood | the complex of emotional and intellectual attributes that determine a person's characteristic actions and reactions | a distinguishing feature of your personal nature | an abstraction belonging to or characteristic of an entity | a general concept formed by extracting common features from specific examples,SOCIETY IS A BODY
heart,heart%1:09:00::,omw-en-13865904-n,a plane figure with rounded sides curving inward at the top and intersecting at the bottom; conventionally used on playing cards and valentines,a two-dimensional shape | a combination of points and lines and planes that form a visible palpable shape | the spatial arrangement of something as distinct from its substance | an abstraction belonging to or characteristic of an entity | a general concept formed by extracting common features from specific examples,SOCIETY IS A BODY
heart,heart%1:09:00::,omw-en-07651905-n,a firm rather dry variety meat (usually beef or veal),edible viscera of a butchered animal | the flesh of animals (including fishes and birds and snails) used as food | any solid substance (as opposed to liquid) that is used as a source of nourishment | matter that is solid at room temperature and pressure | that which has mass and occupies space,SOCIETY IS A BODY
heart,heart%1:09:00::,omw-en-07544647-n,a positive feeling of liking,the experiencing of affective and emotional states | the way something is with respect to its main attributes | an abstraction belonging to or characteristic of an entity | a general concept formed by extracting common features from specific examples | that which is perceived or known or inferred to have its own distinct existence (living or nonliving),SOCIETY IS A BODY
heart,heart%1:09:00::,omw-en-03507048-n,a playing card in the major suit that has one or more red hearts on it,one of a pack of cards that are used to play card games | one of a set of small pieces of stiff paper marked in various ways and used for playing games or for telling fortunes | a material made of cellulose pulp derived mainly from wood or rags or certain grasses | the tangible substance that goes into the makeup of a physical object | the real physical matter of which a person or thing consists,SOCIETY IS A BODY
heart,heart%1:25:00::,omw-en-05919263-n,the locus of feelings and intuitions,"an impression that something might be the case | a vague idea in which some confidence is placed | the content of cognition; the main thing you are thinking about | the sum or range of what has been perceived, discovered, or learned | the psychological result of perception and learning and reasoning",SOCIETY IS A BODY
heart,heart%1:25:00::,omw-en-05388805-n,the hollow muscular organ located behind the sternum and between the lungs; its rhythmic contractions move the blood through the body,a main organ that is situated inside the body | a fully differentiated structural and functional unit in an animal that is specialized for some particular function | any part of an organism such as an organ or extremity | a portion of a natural object | a separate and self-contained entity,SOCIETY IS A BODY
heart,heart%1:25:00::,omw-en-04857490-n,the courage to carry on,a quality of spirit that enables you to face danger or pain without showing fear | a fundamental emotional and activating principle determining one's character | the inherent complex of attributes that determines a persons moral and ethical actions and reactions | a distinguishing feature of your personal nature | an abstraction belonging to or characteristic of an entity,SOCIETY IS A BODY
heart,heart%1:25:00::,omw-en-08523483-n,an area that is approximately central within some larger region,a particular geographical region of indefinite boundary (usually serving some special purpose or distinguished by its people or culture or geography) | a large indefinite location on the surface of the Earth | a point or extent in space | a tangible and visible entity; an entity that can cast a shadow | an entity that has physical existence,SOCIETY IS A BODY
heart,heart%1:25:00::,omw-en-05921123-n,the choicest or most essential or most vital part of some idea or experience,"the sum or range of what has been perceived, discovered, or learned | the psychological result of perception and learning and reasoning | a feature of the mental life of a living organism | a general concept formed by extracting common features from specific examples | that which is perceived or known or inferred to have its own distinct existence (living or nonliving)",SOCIETY IS A BODY
heart,heart%1:25:00::,omw-en-04624826-n,an inclination or tendency of a certain kind,your usual mood | the complex of emotional and intellectual attributes that determine a person's characteristic actions and reactions | a distinguishing feature of your personal nature | an abstraction belonging to or characteristic of an entity | a general concept formed by extracting common features from specific examples,SOCIETY IS A BODY
heart,heart%1:25:00::,omw-en-13865904-n,a plane figure with rounded sides curving inward at the top and intersecting at the bottom; conventionally used on playing cards and valentines,a two-dimensional shape | a combination of points and lines and planes that form a visible palpable shape | the spatial arrangement of something as distinct from its substance | an abstraction belonging to or characteristic of an entity | a general concept formed by extracting common features from specific examples,SOCIETY IS A BODY
heart,heart%1:25:00::,omw-en-07651905-n,a firm rather dry variety meat (usually beef or veal),edible viscera of a butchered animal | the flesh of animals (including fishes and birds and snails) used as food | any solid substance (as opposed to liquid) that is used as a source of nourishment | matter that is solid at room temperature and pressure | that which has mass and occupies space,SOCIETY IS A BODY
heart,heart%1:25:00::,omw-en-07544647-n,a positive feeling of liking,the experiencing of affective and emotional states | the way something is with respect to its main attributes | an abstraction belonging to or characteristic of an entity | a general concept formed by extracting common features from specific examples | that which is perceived or known or inferred to have its own distinct existence (living or nonliving),SOCIETY IS A BODY
heart,heart%1:25:00::,omw-en-03507048-n,a playing card in the major suit that has one or more red hearts on it,one of a pack of cards that are used to play card games | one of a set of small pieces of stiff paper marked in various ways and used for playing games or for telling fortunes | a material made of cellulose pulp derived mainly from wood or rags or certain grasses | the tangible substance that goes into the makeup of a physical object | the real physical matter of which a person or thing consists,SOCIETY IS A BODY
brake,brake%1:20:02::,omw-en-02889425-n,a restraint used to slow or stop a vehicle,a device that retards something's motion | an instrumentality invented for a particular purpose | an artifact (or system of artifacts) that is instrumental in accomplishing some end | a man-made object taken as a whole | an assemblage of parts that is regarded as a single entity,IDEAS ARE FOOD
brake,brake%1:20:02::,omw-en-13214031-n,any of various ferns of the genus Pteris having pinnately compound leaves and including several popular houseplants,"any of numerous flowerless and seedless vascular plants having true roots from a rhizome and fronds that uncurl upward; reproduce by spores | plants having vascular tissue and reproducing by spores | green plant having a vascular system: ferns, gymnosperms, angiosperms | (botany) a living organism lacking the power of locomotion | a living thing that has (or can develop) the ability to act or function independently",IDEAS ARE FOOD
brake,brake%1:20:02::,omw-en-13189844-n,large coarse fern often several feet high; essentially weed ferns; cosmopolitan,"any of numerous flowerless and seedless vascular plants having true roots from a rhizome and fronds that uncurl upward; reproduce by spores | plants having vascular tissue and reproducing by spores | green plant having a vascular system: ferns, gymnosperms, angiosperms | (botany) a living organism lacking the power of locomotion | a living thing that has (or can develop) the ability to act or function independently",IDEAS ARE FOOD
brake,brake%1:20:02::,omw-en-08437721-n,an area thickly overgrown usually with one kind of plant,a dense growth of bushes | all the plant life in a particular region or period | several things grouped together or considered as a whole | any number of entities (members) considered as a unit | a general concept formed by extracting common features from specific examples,IDEAS ARE FOOD
brake,brake%1:20:02::,omw-en-02889646-n,anything that slows or hinders a process,a device that retards something's motion | an instrumentality invented for a particular purpose | an artifact (or system of artifacts) that is instrumental in accomplishing some end | a man-made object taken as a whole | an assemblage of parts that is regarded as a single entity,IDEAS ARE FOOD
brake,brake%1:20:02::,omw-en-01863817-v,stop travelling by applying a brake,"come to a halt, stop moving",IDEAS ARE FOOD
brake,brake%1:20:02::,omw-en-01863593-v,cause to stop by applying the brakes,cause to stop,IDEAS ARE FOOD
member,member%1:08:00::,omw-en-10307234-n,one of the persons who compose a social group (especially individuals who have joined and participate in a group organization),a person who joins with others in some activity or endeavor | a person who is of equal standing with another in a group | a human being | a living thing that has (or can develop) the ability to act or function independently | a living (or once living) entity | any entity that produces an effect or is responsible for events or results | an entity that has physical existence,SOCIETY IS A BODY
member,member%1:08:00::,omw-en-13810615-n,anything that belongs to a set or class,something determined in relation to something that includes it | an abstraction belonging to or characteristic of two entities or parts together | a general concept formed by extracting common features from specific examples | that which is perceived or known or inferred to have its own distinct existence (living or nonliving),SOCIETY IS A BODY
member,member%1:08:00::,omw-en-05559908-n,an external body part that projects from the body,any body part visible externally | any part of an organism such as an organ or extremity | a portion of a natural object | a separate and self-contained entity | an entity that has physical existence,SOCIETY IS A BODY
member,member%1:08:00::,omw-en-08170686-n,an organization that is a member of another organization (especially a state that belongs to a group of nations),an organization regarded as part of a larger social group | a group of people who work together | people sharing some social relation | any number of entities (members) considered as a unit | a general concept formed by extracting common features from specific examples,SOCIETY IS A BODY
member,member%1:08:00::,omw-en-05526384-n,the male organ of copulation (`member' is a euphemism),an organ containing erectile tissue | a fully differentiated structural and functional unit in an animal that is specialized for some particular function | any part of an organism such as an organ or extremity | a portion of a natural object | a separate and self-contained entity,SOCIETY IS A BODY
baker,baker%1:18:00::,omw-en-09833651-n,someone who bakes commercially,a businessperson engaged in retail trade | a capitalist who engages in industrial commercial enterprise | a person who invests capital in a business (especially a large business) | a human being | a living thing that has (or can develop) the ability to act or function independently | any entity that produces an effect or is responsible for events or results,IDEAS ARE FOOD
baker,baker%1:18:00::,omw-en-09833536-n,someone who bakes bread or cake,a worker who has acquired special skills | a person who works at a specific occupation | a human being | a living thing that has (or can develop) the ability to act or function independently | a living (or once living) entity | any entity that produces an effect or is responsible for events or results | an entity that has physical existence,IDEAS ARE FOOD
fight,fight%1:04:02::,omw-en-00953559-n,a hostile meeting of opposing military forces in the course of a war,a military engagement | action taken by a group of people | something that people do or cause to happen | something that happens at a given place and time | a feature of the mental life of a living organism | something that happens at a given place and time,ARGUMENT IS WAR
fight,fight%1:04:02::,omw-en-01170962-n,the act of fighting; any contest or struggle,an open clash between two opposing groups (or individuals) | action taken by a group of people | something that people do or cause to happen | something that happens at a given place and time | a feature of the mental life of a living organism | something that happens at a given place and time,ARGUMENT IS WAR
fight,fight%1:04:02::,omw-en-04837425-n,an aggressive willingness to compete,the quality of being bold and enterprising | the trait of being highly motivated | a distinguishing feature of your personal nature | an abstraction belonging to or characteristic of an entity | a general concept formed by extracting common features from specific examples,ARGUMENT IS WAR
fight,fight%1:04:02::,omw-en-07184391-n,an intense verbal dispute,a contentious speech act; a dispute where there is strong disagreement | a disagreement or argument about something important | the speech act of disagreeing or arguing or disputing | the use of language to perform some act | something that people do or cause to happen,ARGUMENT IS WAR
fight,fight%1:04:02::,omw-en-00446493-n,a boxing or wrestling match,fighting with the fists | a sport that necessarily involves body contact between opposing players | an active diversion requiring physical exertion and competition | an activity that diverts or amuses or stimulates | any specific behavior,ARGUMENT IS WAR
fight,fight%1:04:02::,omw-en-01090335-v,be engaged in a fight; carry on a fight,,ARGUMENT IS WAR
fight,fight%1:04:02::,omw-en-01091427-v,fight against or resist strongly,be engaged in a fight; carry on a fight,ARGUMENT IS WAR
fight,fight%1:04:02::,omw-en-02407338-v,make a strenuous or labored effort,"make an effort or attempt | perform an action, or work out or perform (an action)",ARGUMENT IS WAR
fight,fight%1:04:02::,omw-en-02589576-v,"exert oneself continuously, vigorously, or obtrusively to gain an end or engage in a crusade for a certain cause or person; be an advocate for","make publicity for; try to sell (a product) | express approval of | evaluate or estimate the nature, quality, ability, extent, or significance of | form a critical opinion of | use or exercise the mind or one's power of reason in order to make inferences, decisions, or arrive at a solution or judgments",ARGUMENT IS WAR
focus,focus%1:09:00::,omw-en-05704694-n,the concentration of attention or energy on something,complete attention; intense mental effort | the faculty or power of mental concentration | one of the inherent cognitive or perceptual powers of the mind | possession of the qualities (especially mental qualities) required to do something or get something done | the psychological result of perception and learning and reasoning,UNDERSTANDING IS SEEING
focus,focus%1:09:00::,omw-en-04703235-n,maximum clarity or distinctness of an image rendered by an optical system,the quality of being sharp and clear | the quality of clear water | an essential and distinguishing attribute of something or someone | an abstraction belonging to or characteristic of an entity | a general concept formed by extracting common features from specific examples,UNDERSTANDING IS SEEING
focus,focus%1:09:00::,omw-en-04821084-n,maximum clarity or distinctness of an idea,free from obscurity and easy to understand; the comprehensibility of clear expression | the quality of comprehensible language or thought | an essential and distinguishing attribute of something or someone | an abstraction belonging to or characteristic of an entity | a general concept formed by extracting common features from specific examples,UNDERSTANDING IS SEEING
focus,focus%1:09:00::,omw-en-14182697-n,a central point or locus of an infection in an organism,the precise location of something; a spatially limited location | a point or extent in space | a tangible and visible entity; an entity that can cast a shadow | an entity that has physical existence | that which is perceived or known or inferred to have its own distinct existence (living or nonliving),UNDERSTANDING IS SEEING
focus,focus%1:09:00::,omw-en-14435187-n,special emphasis attached to something,special importance or significance | a prominent status | social or financial or professional status or reputation | the relative position or standing of things or especially persons in a society | the way something is with respect to its main attributes,UNDERSTANDING IS SEEING
focus,focus%1:09:00::,omw-en-11455695-n,a point of convergence of light (or other radiation) or a point from which it diverges,the precise location of something; a spatially limited location | a point or extent in space | a tangible and visible entity; an entity that can cast a shadow | an entity that has physical existence | that which is perceived or known or inferred to have its own distinct existence (living or nonliving),UNDERSTANDING IS SEEING
focus,focus%1:09:00::,omw-en-08572335-n,a fixed reference point on the concave side of a conic section,the precise location of something; a spatially limited location | a point or extent in space | a tangible and visible entity; an entity that can cast a shadow | an entity that has physical existence | that which is perceived or known or inferred to have its own distinct existence (living or nonliving),UNDERSTANDING IS SEEING
focus,focus%1:09:00::,omw-en-00722232-v,direct one's attention on something,"use or exercise the mind or one's power of reason in order to make inferences, decisions, or arrive at a solution or judgments",UNDERSTANDING IS SEEING
focus,focus%1:09:00::,omw-en-02161922-v,cause to converge on or toward a central point,make (images or sounds) sharp or sharper | increase or decrease in intensity | cause to change; make different; cause a transformation,UNDERSTANDING IS SEEING
focus,focus%1:09:00::,omw-en-00731789-v,bring into focus or alignment; to converge or cause to converge; of ideas or emotions,place in a line or arrange so as to be parallel or straight | set or arrange in a new or different determinate position | undergo a change; become different in essence; losing one's or its original nature,UNDERSTANDING IS SEEING
focus,focus%1:09:00::,omw-en-00314782-v,become focussed or come into focus,adapt or conform oneself to new or different conditions | undergo a change; become different in essence; losing one's or its original nature,UNDERSTANDING IS SEEING
focus,focus%1:09:00::,omw-en-00314272-v,put (an image) into focus,alter or regulate so as to achieve accuracy or conform to a standard | cause to change; make different; cause a transformation,UNDERSTANDING IS SEEING
spoon,spoon%1:06:00::,omw-en-04284002-n,a piece of cutlery with a shallow bowl-shaped container and a handle; used to stir or serve or take up food,"tableware implements for cutting and eating food | articles for use at the table (dishes and silverware and glassware) | articles of the same kind or material; usually used in combination: `silverware', `software' | one of a class of artifacts | a man-made object taken as a whole | any object that can be used to hold things (especially a large metal boxlike object of standardized dimensions that can be loaded from one form of transport to another) | an artifact (or system of artifacts) that is instrumental in accomplishing some end | a man-made object taken as a whole | an assemblage of parts that is regarded as a single entity | a tangible and visible entity; an entity that can cast a shadow",IDEAS ARE FOOD
spoon,spoon%1:06:00::,omw-en-13770169-n,as much as a spoon will hold,the quantity that a container will hold | an estimated quantity | how much there is or how many there are of something that you can quantify | a general concept formed by extracting common features from specific examples | that which is perceived or known or inferred to have its own distinct existence (living or nonliving),IDEAS ARE FOOD
spoon,spoon%1:06:00::,omw-en-04284341-n,formerly a golfing wood with an elevated face,a golf club with a long shaft used to hit long shots; originally made with a wooden head | golf equipment used by a golfer to hit a golf ball | sports equipment used in playing golf | equipment needed to participate in a particular sport | an instrumentality needed for an undertaking or to perform a service,IDEAS ARE FOOD
spoon,spoon%1:06:00::,omw-en-01579622-v,scoop up or take up with a spoon,"remove something concrete, as by lifting, pushing, or taking off, or remove something abstract",IDEAS ARE FOOD
spoon,spoon%1:06:00::,omw-en-01425709-v,snuggle and lie in a position where one person faces the back of the others,"kiss, embrace, or fondle with sexual passion | stroke or caress gently | touch or stroke lightly in a loving or endearing manner | touch lightly and repeatedly, as with brushing motions | make physical contact with, come in contact with",IDEAS ARE FOOD
speed,speed%1:28:00::,omw-en-15282696-n,distance travelled per unit time,a magnitude or frequency relative to a time unit | a relation between magnitudes | an abstraction belonging to or characteristic of two entities or parts together | a general concept formed by extracting common features from specific examples | that which is perceived or known or inferred to have its own distinct existence (living or nonliving),TIME IS MONEY
speed,speed%1:28:00::,omw-en-05058140-n,a rate (usually rapid) at which something happens,the relative speed of progress or change | a property relating to time | a basic or essential attribute shared by all members of a class | an abstraction belonging to or characteristic of an entity | a general concept formed by extracting common features from specific examples,TIME IS MONEY
speed,speed%1:28:00::,omw-en-00330160-n,changing location rapidly,the act of changing location from one place to another | the action of changing something | something done (usually as opposed to something said) | something that people do or cause to happen | something that happens at a given place and time,TIME IS MONEY
speed,speed%1:28:00::,omw-en-13821408-n,the ratio of the focal length to the diameter of a (camera) lens system,the relative magnitudes of two quantities (usually expressed as a quotient) | a relation between magnitudes | an abstraction belonging to or characteristic of two entities or parts together | a general concept formed by extracting common features from specific examples | that which is perceived or known or inferred to have its own distinct existence (living or nonliving),TIME IS MONEY
speed,speed%1:28:00::,omw-en-02704153-n,a central nervous system stimulant that increases energy and decreases appetite; used to treat narcolepsy and some forms of depression,a drug that temporarily quickens some vital process | a substance that is used as a medicine or narcotic | a substance that exerts some force or effect | any entity that produces an effect or is responsible for events or results | an entity that has physical existence | a particular kind or species of matter with uniform properties | that which has mass and occupies space | a drug that is taken for nonmedicinal reasons (usually for mind-altering effects); drug abuse can lead to physical and mental damage and (with some substances) dependence and addiction | a substance that is used as a medicine or narcotic,TIME IS MONEY
speed,speed%1:28:00::,omw-en-02058994-v,move fast,"change location; move, travel, or proceed, also metaphorically",TIME IS MONEY
speed,speed%1:28:00::,omw-en-00438178-v,move faster,become more intense | become bigger or greater in amount | change in size or magnitude | undergo a change; become different in essence; losing one's or its original nature,TIME IS MONEY
speed,speed%1:28:00::,omw-en-02055649-v,move very fast,"change location; move, travel, or proceed, also metaphorically",TIME IS MONEY
speed,speed%1:28:00::,omw-en-02055975-v,travel at an excessive or illegal velocity,"change location; move, travel, or proceed, also metaphorically",TIME IS MONEY
speed,speed%1:28:00::,omw-en-00439343-v,cause to move faster,cause to change; make different; cause a transformation,TIME IS MONEY
speed,speed%1:04:00::,omw-en-15282696-n,distance travelled per unit time,a magnitude or frequency relative to a time unit | a relation between magnitudes | an abstraction belonging to or characteristic of two entities or parts together | a general concept formed by extracting common features from specific examples | that which is perceived or known or inferred to have its own distinct existence (living or nonliving),TIME IS MONEY
speed,speed%1:04:00::,omw-en-05058140-n,a rate (usually rapid) at which something happens,the relative speed of progress or change | a property relating to time | a basic or essential attribute shared by all members of a class | an abstraction belonging to or characteristic of an entity | a general concept formed by extracting common features from specific examples,TIME IS MONEY
speed,speed%1:04:00::,omw-en-00330160-n,changing location rapidly,the act of changing location from one place to another | the action of changing something | something done (usually as opposed to something said) | something that people do or cause to happen | something that happens at a given place and time,TIME IS MONEY
speed,speed%1:04:00::,omw-en-13821408-n,the ratio of the focal length to the diameter of a (camera) lens system,the relative magnitudes of two quantities (usually expressed as a quotient) | a relation between magnitudes | an abstraction belonging to or characteristic of two entities or parts together | a general concept formed by extracting common features from specific examples | that which is perceived or known or inferred to have its own distinct existence (living or nonliving),TIME IS MONEY
speed,speed%1:04:00::,omw-en-02704153-n,a central nervous system stimulant that increases energy and decreases appetite; used to treat narcolepsy and some forms of depression,a drug that temporarily quickens some vital process | a substance that is used as a medicine or narcotic | a substance that exerts some force or effect | any entity that produces an effect or is responsible for events or results | an entity that has physical existence | a particular kind or species of matter with uniform properties | that which has mass and occupies space | a drug that is taken for nonmedicinal reasons (usually for mind-altering effects); drug abuse can lead to physical and mental damage and (with some substances) dependence and addiction | a substance that is used as a medicine or narcotic,TIME IS MONEY
speed,speed%1:04:00::,omw-en-02058994-v,move fast,"change location; move, travel, or proceed, also metaphorically",TIME IS MONEY
speed,speed%1:04:00::,omw-en-00438178-v,move faster,become more intense | become bigger or greater in amount | change in size or magnitude | undergo a change; become different in essence; losing one's or its original nature,TIME IS MONEY
speed,speed%1:04:00::,omw-en-02055649-v,move very fast,"change location; move, travel, or proceed, also metaphorically",TIME IS MONEY
speed,speed%1:04:00::,omw-en-02055975-v,travel at an excessive or illegal velocity,"change location; move, travel, or proceed, also metaphorically",TIME IS MONEY
speed,speed%1:04:00::,omw-en-00439343-v,cause to move faster,cause to change; make different; cause a transformation,TIME IS MONEY
steps,steps%1:17:00::,omw-en-04298171-n,a flight of stairs or a flight of steps,a way of access (upward and downward) consisting of a set of steps | any artifact consisting of a road or path affording passage from one place to another | a man-made object taken as a whole | an assemblage of parts that is regarded as a single entity | a tangible and visible entity; an entity that can cast a shadow,LIFE IS A JOURNEY
steps,steps%1:17:00::,omw-en-09445566-n,the course along which a person has walked or is walking in,a line or route along which something travels or moves | a spatial location defined by a real or imaginary unidimensional extent | a point or extent in space | a tangible and visible entity; an entity that can cast a shadow | an entity that has physical existence,LIFE IS A JOURNEY
harm,harm%1:11:01::,omw-en-14285662-n,any physical damage to the body caused by violence or accident or fracture etc.,a state in which you are unable to function normally and without pain | a physical condition that is caused by disease | the condition or state of the body or bodily functions | a state at a particular time | the way something is with respect to its main attributes,SOCIETY IS A BODY
harm,harm%1:11:01::,omw-en-07420770-n,the occurrence of a change for the worse,an event that occurs when something passes from one state or phase to another | an event that happens | something that happens at a given place and time | a feature of the mental life of a living organism | a general concept formed by extracting common features from specific examples,SOCIETY IS A BODY
harm,harm%1:11:01::,omw-en-00403092-n,the act of damaging something or someone,the act of changing the unity or wholeness of something | the action of changing something | something done (usually as opposed to something said) | something that people do or cause to happen | something that happens at a given place and time,SOCIETY IS A BODY
harm,harm%1:11:01::,omw-en-00102586-v,cause or do harm to,cause injuries or bodily harm to | give trouble or pain to | cause to feel unwell | cause to change; make different; cause a transformation,SOCIETY IS A BODY
seed,seed%1:20:02::,omw-en-13135832-n,a small hard fruit,the ripened reproductive body of a seed plant | the parts of a plant involved in its reproduction | a functional and structural unit of a plant or fungus | any part of a plant or fungus | an object occurring naturally; not made by man,TIME IS MONEY
seed,seed%1:20:02::,omw-en-11683989-n,a mature fertilized plant ovule consisting of an embryo and its food source and having a protective coat or testa,a small body that contains the female germ cell of a plant; develops into a seed after fertilization | the parts of a plant involved in its reproduction | a functional and structural unit of a plant or fungus | any part of a plant or fungus | an object occurring naturally; not made by man,TIME IS MONEY
seed,seed%1:20:02::,omw-en-10575463-n,one of the outstanding players in a tournament,a person who participates in or is skilled at some game | a person who participates in competitions | a human being | a living thing that has (or can develop) the ability to act or function independently | a living (or once living) entity | any entity that produces an effect or is responsible for events or results | an entity that has physical existence,TIME IS MONEY
seed,seed%1:20:02::,omw-en-05834758-n,anything that provides inspiration for later work,"arousal of the mind to special unusual activity or creativity | the content of cognition; the main thing you are thinking about | the sum or range of what has been perceived, discovered, or learned | the psychological result of perception and learning and reasoning | a feature of the mental life of a living organism",TIME IS MONEY
seed,seed%1:20:02::,omw-en-05404336-n,the thick white fluid containing spermatozoa that is ejaculated by the male genital tract,the liquid parts of the body | the substance of the body | the real physical matter of which a person or thing consists | that which has mass and occupies space | an entity that has physical existence | something determined in relation to something that includes it | an abstraction belonging to or characteristic of two entities or parts together,TIME IS MONEY
seed,seed%1:20:02::,omw-en-01542056-v,go to seed; shed seeds,"cause or allow (a solid substance) to flow or run out or over | cause to move or shift into a new position or place, both in a concrete and in an abstract sense",TIME IS MONEY
seed,seed%1:20:02::,omw-en-02217546-v,help (an enterprise) in its early stages of development by providing seed money,"obtain or provide money for | give money, usually in exchange for goods or services | transfer possession of something concrete or abstract to somebody | cause to change ownership",TIME IS MONEY
seed,seed%1:20:02::,omw-en-01652429-v,bear seeds,bring forth | make or cause to be or to become,TIME IS MONEY
seed,seed%1:20:02::,omw-en-01500873-v,place (seeds) in or on the ground for future growth,"put into a certain place or abstract location | cause to move or shift into a new position or place, both in a concrete and in an abstract sense",TIME IS MONEY
seed,seed%1:20:02::,omw-en-00658913-v,distribute (players or teams) so that outstanding teams or players will not meet in the early rounds,"assign a rank or rating to | form a critical opinion of | use or exercise the mind or one's power of reason in order to make inferences, decisions, or arrive at a solution or judgments",TIME IS MONEY
seed,seed%1:20:02::,omw-en-00516425-v,sprinkle with silver iodide particles to disperse and cause rain,"subject to a process or treatment, with the aim of readying for some purpose, improving, or remedying a condition | have an effect upon | cause to change; make different; cause a transformation",TIME IS MONEY
seed,seed%1:20:02::,omw-en-00188375-v,inoculate with microorganisms,"introduce a microorganism into | introduce | put into a certain place or abstract location | cause to move or shift into a new position or place, both in a concrete and in an abstract sense",TIME IS MONEY
seed,seed%1:20:02::,omw-en-00179718-v,remove the seeds from,"remove something concrete, as by lifting, pushing, or taking off, or remove something abstract",TIME IS MONEY
hearth,hearth%1:06:01::,omw-en-03346455-n,an open recess in a wall at the base of a chimney where a fire can be built,an enclosure that is set back or indented | a structure consisting of an area that has been enclosed for some purpose | a part of a structure having some specific characteristic or function | a thing constructed; a complex entity constructed of many parts | a man-made object taken as a whole,SOCIETY IS A BODY
hearth,hearth%1:06:01::,omw-en-03507241-n,home symbolized as a part of the fireplace,housing that someone is living in | structures collectively in which people are housed | a thing constructed; a complex entity constructed of many parts | a man-made object taken as a whole | an assemblage of parts that is regarded as a single entity,SOCIETY IS A BODY
hearth,hearth%1:06:01::,omw-en-08581699-n,an area near a fireplace (usually paved and extending out into a room),a particular geographical region of indefinite boundary (usually serving some special purpose or distinguished by its people or culture or geography) | a large indefinite location on the surface of the Earth | a point or extent in space | a tangible and visible entity; an entity that can cast a shadow | an entity that has physical existence,SOCIETY IS A BODY
bite,bite%1:04:00::,omw-en-14287408-n,a wound resulting from biting by an animal or a person,an injury to living tissue (especially an injury involving a cut or break in the skin) | any physical damage to the body caused by violence or accident or fracture etc. | a state in which you are unable to function normally and without pain | a physical condition that is caused by disease | the condition or state of the body or bodily functions,IDEAS ARE FOOD
bite,bite%1:04:00::,omw-en-07579076-n,a small amount of solid food; a mouthful,a small amount eaten or drunk | an indefinite quantity that is below average size or magnitude | an estimated quantity | how much there is or how many there are of something that you can quantify | a general concept formed by extracting common features from specific examples,IDEAS ARE FOOD
bite,bite%1:04:00::,omw-en-14297870-n,a painful wound caused by the thrust of an insect's stinger into skin,any physical damage to the body caused by violence or accident or fracture etc. | a state in which you are unable to function normally and without pain | a physical condition that is caused by disease | the condition or state of the body or bodily functions | a state at a particular time,IDEAS ARE FOOD
bite,bite%1:04:00::,omw-en-07577374-n,a light informal meal,the food served and eaten at one time | a source of materials to nourish the body | any substance that can be metabolized by an animal to give energy and build tissue | a particular kind or species of matter with uniform properties | that which has mass and occupies space,IDEAS ARE FOOD
bite,bite%1:04:00::,omw-en-07477413-n,(angling) an instance of a fish taking the bait,an event that accomplishes its intended purpose | an event that happens | something that happens at a given place and time | a feature of the mental life of a living organism | a general concept formed by extracting common features from specific examples,IDEAS ARE FOOD
bite,bite%1:04:00::,omw-en-06776986-n,wit having a sharp and caustic quality,a message whose ingenuity or verbal skill or incongruity has the power to evoke laughter | what a communication that is about something is about | something that is communicated by or to or between people or groups | a general concept formed by extracting common features from specific examples | that which is perceived or known or inferred to have its own distinct existence (living or nonliving),IDEAS ARE FOOD
bite,bite%1:04:00::,omw-en-04992834-n,a strong odor or taste property,the property of being seasoned with spice and so highly flavored | a property appreciated via the sense of taste | a basic or essential attribute shared by all members of a class | an abstraction belonging to or characteristic of an entity | a general concept formed by extracting common features from specific examples,IDEAS ARE FOOD
bite,bite%1:04:00::,omw-en-00838816-n,the act of gripping or chewing off with the teeth and jaws,the act of consuming food | the process of taking food into the body through the mouth (as by eating) | an organic process that takes place in the body | a process occurring in living organisms | a sustained phenomenon or one marked by gradual changes through a series of states,IDEAS ARE FOOD
bite,bite%1:04:00::,omw-en-00361041-n,a portion removed from the whole,the act of subtracting (removing a part from the whole) | the act of decreasing or reducing something | the act of changing the amount or size of something | the action of changing something | something done (usually as opposed to something said),IDEAS ARE FOOD
bite,bite%1:04:00::,omw-en-01445932-v,"to grip, cut off, or tear with or as if with the teeth or jaws","hold fast or firmly | take hold of; grab | get into one's hands, take physically",IDEAS ARE FOOD
bite,bite%1:04:00::,omw-en-02120451-v,cause a sharp or stinging pain or discomfort,be the source of pain | have perceptible qualities,IDEAS ARE FOOD
bite,bite%1:04:00::,omw-en-01441382-v,"penetrate or cut, as with a knife","make a hole into | pass into or through, often by overcoming resistance | to come or go into",IDEAS ARE FOOD
bite,bite%1:04:00::,omw-en-01445407-v,deliver a sting to,"make a hole into | pass into or through, often by overcoming resistance | to come or go into",IDEAS ARE FOOD
raise,raise%1:04:00::,omw-en-05110185-n,the amount a salary is increased,the amount by which something increases | the relative magnitude of something with reference to a criterion | the property of relative size or extent (whether large or small) | a basic or essential attribute shared by all members of a class | an abstraction belonging to or characteristic of an entity,CONTROL IS UP
raise,raise%1:04:00::,omw-en-09206985-n,an upward slope or grade (as in a road),an elevated geological formation | (geology) the geological features of the earth | a tangible and visible entity; an entity that can cast a shadow | an entity that has physical existence | that which is perceived or known or inferred to have its own distinct existence (living or nonliving),CONTROL IS UP
raise,raise%1:04:00::,omw-en-00803208-n,increasing the size of a bet (as in poker),a risky act or venture | a venture undertaken without regard to possible loss or injury | any venturesome undertaking especially one with an uncertain outcome | any piece of work that is undertaken or attempted | activity directed toward making or doing something,CONTROL IS UP
raise,raise%1:04:00::,omw-en-00116376-n,the act of raising something,the act of propelling | something that people do or cause to happen | something that happens at a given place and time | a feature of the mental life of a living organism | a general concept formed by extracting common features from specific examples,CONTROL IS UP
raise,raise%1:04:00::,omw-en-00158503-v,raise the level or amount of something,make bigger or more | cause to change; make different; cause a transformation,CONTROL IS UP
raise,raise%1:04:00::,omw-en-01974062-v,raise from a lower to a higher position,"cause to move or shift into a new position or place, both in a concrete and in an abstract sense",CONTROL IS UP
raise,raise%1:04:00::,omw-en-00941166-v,cause to be heard or known; express or utter,"articulate; either verbally or with a cry, shout, or noise",CONTROL IS UP
raise,raise%1:04:00::,omw-en-02306281-v,collect funds for a specific purpose,call for and obtain payment of | take into one's possession,CONTROL IS UP
raise,raise%1:04:00::,omw-en-01739814-v,"cultivate by growing, often involving improvements by means of agricultural techniques",foster the growth of,CONTROL IS UP
raise,raise%1:04:00::,omw-en-02539788-v,bring up,,CONTROL IS UP
raise,raise%1:04:00::,omw-en-01629958-v,"summon into action or bring into existence, often as if by magic",make or cause to be or to become,CONTROL IS UP
raise,raise%1:04:00::,omw-en-01973759-v,move upwards,"cause to move or shift into a new position or place, both in a concrete and in an abstract sense",CONTROL IS UP
raise,raise%1:04:00::,omw-en-01661243-v,"construct, build, or erect",make by combining materials and parts | make or cause to be or to become,CONTROL IS UP
raise,raise%1:04:00::,omw-en-01759326-v,"call forth (emotions, feelings, and responses)",make or cause to be or to become,CONTROL IS UP
raise,raise%1:04:00::,omw-en-01755651-v,"create a disturbance, especially by making a great noise",make or cause to be or to become,CONTROL IS UP
raise,raise%1:04:00::,omw-en-00544549-v,raise in rank or condition,cause to change; make different; cause a transformation,CONTROL IS UP
raise,raise%1:04:00::,omw-en-00229605-v,increase,"make more intense, stronger, or more marked | become bigger or greater in amount | change in size or magnitude | undergo a change; become different in essence; losing one's or its original nature",CONTROL IS UP
raise,raise%1:04:00::,omw-en-02397637-v,give a promotion to or assign to a higher position,"give an assignment to (a person) to a post, or assign a task to (a person) | assign a duty, responsibility or obligation to",CONTROL IS UP
raise,raise%1:04:00::,omw-en-01975587-v,cause to puff up with a leaven,"raise from a lower to a higher position | cause to move or shift into a new position or place, both in a concrete and in an abstract sense",CONTROL IS UP
raise,raise%1:04:00::,omw-en-01156406-v,bid (one's partner's suit) at a higher level,"make a demand, as for a card or a suit or a show of hands | participate in games or sport | compete for something; engage in a contest; measure oneself against others",CONTROL IS UP
raise,raise%1:04:00::,omw-en-01156291-v,bet more than the previous player,stake on the outcome of an issue | play games for money | participate in games or sport | compete for something; engage in a contest; measure oneself against others,CONTROL IS UP
raise,raise%1:04:00::,omw-en-01098452-v,cause to assemble or enlist in the military,engage somebody to enter the army | register formally as a participant or member | record in writing; enter into a book of names or events or transactions | make a record of; set down in permanent form | to keep up and reserve for personal or special use,CONTROL IS UP
raise,raise%1:04:00::,omw-en-01025246-v,put forward for consideration or discussion,"make reference to | intend to refer to | make a logical or causal connection | use or exercise the mind or one's power of reason in order to make inferences, decisions, or arrive at a solution or judgments",CONTROL IS UP
raise,raise%1:04:00::,omw-en-00950782-v,pronounce (vowels) by bringing the tongue closer to the roof of the mouth,"speak, pronounce, or utter in a certain way",CONTROL IS UP
raise,raise%1:04:00::,omw-en-00851625-v,activate or stir up,provoke or stir up | provide the needed stimulus for | issue a challenge to | ask someone in a friendly way to do something | ask (a person) to do something,CONTROL IS UP
raise,raise%1:04:00::,omw-en-00744070-v,establish radio communications with,"be in or establish communication with | transmit thoughts or feelings | act together or towards others or with others | perform an action, or work out or perform (an action)",CONTROL IS UP
raise,raise%1:04:00::,omw-en-00641929-v,multiply (a number) by itself a specified number of times: 8 is 2 raised to the power 3,"combine by multiplication | make a mathematical calculation or computation | think logically | use or exercise the mind or one's power of reason in order to make inferences, decisions, or arrive at a solution or judgments",CONTROL IS UP
raise,raise%1:04:00::,omw-en-00557537-v,bring (a surface or a design) into relief and cause to project,"direct attention to, as if by means of contrast | to stress, single out as important | give expression to | make known; pass on, of information | transmit (knowledge or skills)",CONTROL IS UP
raise,raise%1:04:00::,omw-en-00549982-v,invigorate or heighten,to make better | cause to change; make different; cause a transformation,CONTROL IS UP
raise,raise%1:04:00::,omw-en-00354195-v,put an end to,bring to an end or halt | cause to change; make different; cause a transformation,CONTROL IS UP
raise,raise%1:04:00::,omw-en-00098517-v,cause to become alive again,cause to regain consciousness | return to consciousness | cause to become awake or conscious | cause to change; make different; cause a transformation,CONTROL IS UP
sight,sight%1:09:00::,omw-en-05933054-n,an instance of visual perception,"a percept that arises from the eyes; an image in the visual system | the representation of what is perceived; basic component in the formation of a concept | a presentation to the mind in the form of an idea or image | the sum or range of what has been perceived, discovered, or learned | the psychological result of perception and learning and reasoning",UNDERSTANDING IS SEEING
sight,sight%1:09:00::,omw-en-06888944-n,anything that is seen,exhibiting openly in public view | something that is communicated by or to or between people or groups | a general concept formed by extracting common features from specific examples | that which is perceived or known or inferred to have its own distinct existence (living or nonliving),UNDERSTANDING IS SEEING
sight,sight%1:09:00::,omw-en-05654362-n,the ability to see; the visual faculty,a particular sense | the faculty through which the external world is apprehended | one of the inherent cognitive or perceptual powers of the mind | possession of the qualities (especially mental qualities) required to do something or get something done | the psychological result of perception and learning and reasoning | sensitivity to stimuli originating outside of the body | (physiology) responsiveness to external stimuli; the faculty of sensation | the faculty through which the external world is apprehended,UNDERSTANDING IS SEEING
sight,sight%1:09:00::,omw-en-06210964-n,a range of mental vision,a way of regarding situations or topics etc. | an integrated set of attitudes and beliefs | a complex mental state involving beliefs and feelings and values and dispositions to act in certain ways | the psychological result of perception and learning and reasoning | a feature of the mental life of a living organism,UNDERSTANDING IS SEEING
sight,sight%1:09:00::,omw-en-05623818-n,the range of vision,the limit of capability | an aptitude that may be developed | inherent ability | possession of the qualities (especially mental qualities) required to do something or get something done | the psychological result of perception and learning and reasoning,UNDERSTANDING IS SEEING
sight,sight%1:09:00::,omw-en-00881649-n,the act of looking or seeing or observing,the act of directing the eyes toward something and perceiving it visually | becoming aware of something via the senses | activity intended to achieve a particular sensory result | any specific behavior | something that people do or cause to happen,UNDERSTANDING IS SEEING
sight,sight%1:09:00::,omw-en-13774404-n,(often followed by `of') a large number or amount or extent,an indefinite quantity that is above the average in size or magnitude | an estimated quantity | how much there is or how many there are of something that you can quantify | a general concept formed by extracting common features from specific examples | that which is perceived or known or inferred to have its own distinct existence (living or nonliving),UNDERSTANDING IS SEEING
sight,sight%1:09:00::,omw-en-02163746-v,catch sight of; to perceive with the eyes,to become aware of through the senses,UNDERSTANDING IS SEEING
sight,sight%1:09:00::,omw-en-02199307-v,take aim by looking through the sights of a gun (or other device),"point or cause to go (blows, weapons, or objects such as photographic equipment) towards | cause to be in an appropriate place, state, or relation | put into a certain place or abstract location | cause to move or shift into a new position or place, both in a concrete and in an abstract sense",UNDERSTANDING IS SEEING
rise,rise%1:17:00::,omw-en-07324917-n,a growth in strength or number or importance,the gradual beginning or coming forth | the event consisting of the start of something | an event that happens | something that happens at a given place and time | a feature of the mental life of a living organism,CONTROL IS UP
rise,rise%1:17:00::,omw-en-00324384-n,the act of changing location in an upward direction,the act of changing location from one place to another | the action of changing something | something done (usually as opposed to something said) | something that people do or cause to happen | something that happens at a given place and time,CONTROL IS UP
rise,rise%1:17:00::,omw-en-09206985-n,an upward slope or grade (as in a road),an elevated geological formation | (geology) the geological features of the earth | a tangible and visible entity; an entity that can cast a shadow | an entity that has physical existence | that which is perceived or known or inferred to have its own distinct existence (living or nonliving),CONTROL IS UP
rise,rise%1:17:00::,omw-en-07445480-n,a movement upward,a movement through space that changes the location of something | a natural event that involves a change in the position or location of something | an event that happens | something that happens at a given place and time | a feature of the mental life of a living organism,CONTROL IS UP
rise,rise%1:17:00::,omw-en-05110185-n,the amount a salary is increased,the amount by which something increases | the relative magnitude of something with reference to a criterion | the property of relative size or extent (whether large or small) | a basic or essential attribute shared by all members of a class | an abstraction belonging to or characteristic of an entity,CONTROL IS UP
rise,rise%1:17:00::,omw-en-05068918-n,the property possessed by a slope or surface that rises,the gradient of a slope or road or other surface | the property possessed by a line or surface that departs from the horizontal | the spatial property of a place where or way in which something is situated | an abstraction belonging to or characteristic of two entities or parts together | a general concept formed by extracting common features from specific examples,CONTROL IS UP
rise,rise%1:17:00::,omw-en-07348399-n,a wave that lifts the surface of the water or ground,one of a series of ridges that moves across the surface of a liquid (especially across a large body of water) | a natural event that involves a change in the position or location of something | an event that happens | something that happens at a given place and time | a feature of the mental life of a living organism,CONTROL IS UP
rise,rise%1:17:00::,omw-en-07327288-n,(theology) the origination of the Holy Spirit at Pentecost,an event that is a beginning; a first part or stage of subsequent events | the event consisting of the start of something | an event that happens | something that happens at a given place and time | a feature of the mental life of a living organism,CONTROL IS UP
rise,rise%1:17:00::,omw-en-05110408-n,an increase in cost,the amount by which something increases | the relative magnitude of something with reference to a criterion | the property of relative size or extent (whether large or small) | a basic or essential attribute shared by all members of a class | an abstraction belonging to or characteristic of an entity,CONTROL IS UP
rise,rise%1:17:00::,omw-en-00364260-n,increase in price or value,the act of increasing something | the act of changing the amount or size of something | the action of changing something | something done (usually as opposed to something said) | something that people do or cause to happen,CONTROL IS UP
rise,rise%1:17:00::,omw-en-01968569-v,move upward,"change location; move, travel, or proceed, also metaphorically",CONTROL IS UP
rise,rise%1:17:00::,omw-en-00155143-v,increase in value or to a higher point,"become larger, greater, or bigger; expand or gain | become bigger or greater in amount | change in size or magnitude | undergo a change; become different in essence; losing one's or its original nature",CONTROL IS UP
rise,rise%1:17:00::,omw-en-01983264-v,rise to one's feet,undergo a change in bodily posture | undergo a change; become different in essence; losing one's or its original nature,CONTROL IS UP
rise,rise%1:17:00::,omw-en-02696801-v,rise up,"give a certain impression or have a certain outward aspect | have the quality of being; (copula, used with an adjective or a predicate noun)",CONTROL IS UP
rise,rise%1:17:00::,omw-en-01990281-v,come to the surface,"travel up | change location; move, travel, or proceed, also metaphorically",CONTROL IS UP
rise,rise%1:17:00::,omw-en-02624263-v,come into existence; take on form or shape,come into existence,CONTROL IS UP
rise,rise%1:17:00::,omw-en-01969779-v,move to a better position in life or to a better job,undergo a change; become different in essence; losing one's or its original nature,CONTROL IS UP
rise,rise%1:17:00::,omw-en-00433232-v,go up or advance,become bigger or greater in amount | change in size or magnitude | undergo a change; become different in essence; losing one's or its original nature,CONTROL IS UP
rise,rise%1:17:00::,omw-en-00432436-v,become more extreme,make bigger or more | cause to change; make different; cause a transformation,CONTROL IS UP
rise,rise%1:17:00::,omw-en-00018158-v,get up and out of bed,,CONTROL IS UP
rise,rise%1:17:00::,omw-en-00155547-v,rise in rank or status,undergo a change; become different in essence; losing one's or its original nature,CONTROL IS UP
rise,rise%1:17:00::,omw-en-01818116-v,become heartened or elated,,CONTROL IS UP
rise,rise%1:17:00::,omw-en-01155545-v,exert oneself to meet a challenge,"accept as a challenge | deal with (something unpleasant) head on | begin to deal with | perform an action, or work out or perform (an action)",CONTROL IS UP
rise,rise%1:17:00::,omw-en-02583139-v,take part in a rebellion; renounce a former allegiance,"express opposition through action or words | be resistant to | overthrow by argument, evidence, or proof | cast off | refuse to accept or acknowledge",CONTROL IS UP
rise,rise%1:17:00::,omw-en-01983134-v,increase in volume,"become larger, greater, or bigger; expand or gain | become bigger or greater in amount | change in size or magnitude | undergo a change; become different in essence; losing one's or its original nature",CONTROL IS UP
rise,rise%1:17:00::,omw-en-01970348-v,"come up, of celestial bodies","move upward | change location; move, travel, or proceed, also metaphorically",CONTROL IS UP
rise,rise%1:17:00::,omw-en-00098770-v,return from the dead,"go or come back to place, condition, or activity where one has been before | change location; move, travel, or proceed, also metaphorically",CONTROL IS UP
rise,rise%1:04:00::,omw-en-07324917-n,a growth in strength or number or importance,the gradual beginning or coming forth | the event consisting of the start of something | an event that happens | something that happens at a given place and time | a feature of the mental life of a living organism,CONTROL IS UP
rise,rise%1:04:00::,omw-en-00324384-n,the act of changing location in an upward direction,the act of changing location from one place to another | the action of changing something | something done (usually as opposed to something said) | something that people do or cause to happen | something that happens at a given place and time,CONTROL IS UP
rise,rise%1:04:00::,omw-en-09206985-n,an upward slope or grade (as in a road),an elevated geological formation | (geology) the geological features of the earth | a tangible and visible entity; an entity that can cast a shadow | an entity that has physical existence | that which is perceived or known or inferred to have its own distinct existence (living or nonliving),CONTROL IS UP
rise,rise%1:04:00::,omw-en-07445480-n,a movement upward,a movement through space that changes the location of something | a natural event that involves a change in the position or location of something | an event that happens | something that happens at a given place and time | a feature of the mental life of a living organism,CONTROL IS UP
rise,rise%1:04:00::,omw-en-05110185-n,the amount a salary is increased,the amount by which something increases | the relative magnitude of something with reference to a criterion | the property of relative size or extent (whether large or small) | a basic or essential attribute shared by all members of a class | an abstraction belonging to or characteristic of an entity,CONTROL IS UP
rise,rise%1:04:00::,omw-en-05068918-n,the property possessed by a slope or surface that rises,the gradient of a slope or road or other surface | the property possessed by a line or surface that departs from the horizontal | the spatial property of a place where or way in which something is situated | an abstraction belonging to or characteristic of two entities or parts together | a general concept formed by extracting common features from specific examples,CONTROL IS UP
rise,rise%1:04:00::,omw-en-07348399-n,a wave that lifts the surface of the water or ground,one of a series of ridges that moves across the surface of a liquid (especially across a large body of water) | a natural event that involves a change in the position or location of something | an event that happens | something that happens at a given place and time | a feature of the mental life of a living organism,CONTROL IS UP
rise,rise%1:04:00::,omw-en-07327288-n,(theology) the origination of the Holy Spirit at Pentecost,an event that is a beginning; a first part or stage of subsequent events | the event consisting of the start of something | an event that happens | something that happens at a given place and time | a feature of the mental life of a living organism,CONTROL IS UP
rise,rise%1:04:00::,omw-en-05110408-n,an increase in cost,the amount by which something increases | the relative magnitude of something with reference to a criterion | the property of relative size or extent (whether large or small) | a basic or essential attribute shared by all members of a class | an abstraction belonging to or characteristic of an entity,CONTROL IS UP
rise,rise%1:04:00::,omw-en-00364260-n,increase in price or value,the act of increasing something | the act of changing the amount or size of something | the action of changing something | something done (usually as opposed to something said) | something that people do or cause to happen,CONTROL IS UP
rise,rise%1:04:00::,omw-en-01968569-v,move upward,"change location; move, travel, or proceed, also metaphorically",CONTROL IS UP
rise,rise%1:04:00::,omw-en-00155143-v,increase in value or to a higher point,"become larger, greater, or bigger; expand or gain | become bigger or greater in amount | change in size or magnitude | undergo a change; become different in essence; losing one's or its original nature",CONTROL IS UP
rise,rise%1:04:00::,omw-en-01983264-v,rise to one's feet,undergo a change in bodily posture | undergo a change; become different in essence; losing one's or its original nature,CONTROL IS UP
rise,rise%1:04:00::,omw-en-02696801-v,rise up,"give a certain impression or have a certain outward aspect | have the quality of being; (copula, used with an adjective or a predicate noun)",CONTROL IS UP
rise,rise%1:04:00::,omw-en-01990281-v,come to the surface,"travel up | change location; move, travel, or proceed, also metaphorically",CONTROL IS UP
rise,rise%1:04:00::,omw-en-02624263-v,come into existence; take on form or shape,come into existence,CONTROL IS UP
rise,rise%1:04:00::,omw-en-01969779-v,move to a better position in life or to a better job,undergo a change; become different in essence; losing one's or its original nature,CONTROL IS UP
rise,rise%1:04:00::,omw-en-00433232-v,go up or advance,become bigger or greater in amount | change in size or magnitude | undergo a change; become different in essence; losing one's or its original nature,CONTROL IS UP
rise,rise%1:04:00::,omw-en-00432436-v,become more extreme,make bigger or more | cause to change; make different; cause a transformation,CONTROL IS UP
rise,rise%1:04:00::,omw-en-00018158-v,get up and out of bed,,CONTROL IS UP
rise,rise%1:04:00::,omw-en-00155547-v,rise in rank or status,undergo a change; become different in essence; losing one's or its original nature,CONTROL IS UP
rise,rise%1:04:00::,omw-en-01818116-v,become heartened or elated,,CONTROL IS UP
rise,rise%1:04:00::,omw-en-01155545-v,exert oneself to meet a challenge,"accept as a challenge | deal with (something unpleasant) head on | begin to deal with | perform an action, or work out or perform (an action)",CONTROL IS UP
rise,rise%1:04:00::,omw-en-02583139-v,take part in a rebellion; renounce a former allegiance,"express opposition through action or words | be resistant to | overthrow by argument, evidence, or proof | cast off | refuse to accept or acknowledge",CONTROL IS UP
rise,rise%1:04:00::,omw-en-01983134-v,increase in volume,"become larger, greater, or bigger; expand or gain | become bigger or greater in amount | change in size or magnitude | undergo a change; become different in essence; losing one's or its original nature",CONTROL IS UP
rise,rise%1:04:00::,omw-en-01970348-v,"come up, of celestial bodies","move upward | change location; move, travel, or proceed, also metaphorically",CONTROL IS UP
rise,rise%1:04:00::,omw-en-00098770-v,return from the dead,"go or come back to place, condition, or activity where one has been before | change location; move, travel, or proceed, also metaphorically",CONTROL IS UP
high,high%1:15:00::,omw-en-01210854-a,greater than normal in degree or intensity or amount,,CONTROL IS UP
high,high%1:15:00::,omw-en-01204557-a,(literal meaning) being at or having a relatively great or specific elevation or upward extension (sometimes used in combinations like `knee-high'),,CONTROL IS UP
high,high%1:15:00::,omw-en-02339120-s,standing above others in quality or position,,CONTROL IS UP
high,high%1:15:00::,omw-en-01213197-a,used of sounds and voices; high in pitch or frequency,,CONTROL IS UP
high,high%1:15:00::,omw-en-00705498-s,happy and excited and energetic,,CONTROL IS UP
high,high%1:15:00::,omw-en-01054047-s,(used of the smell of meat) smelling spoiled or tainted,,CONTROL IS UP
high,high%1:15:00::,omw-en-00799224-s,slightly and pleasantly intoxicated from alcohol or a drug (especially marijuana),,CONTROL IS UP
high,high%1:15:00::,omw-en-05097536-n,a lofty level or position or degree,a position on a scale of intensity or amount or quality | a basic or essential attribute shared by all members of a class | an abstraction belonging to or characteristic of an entity | a general concept formed by extracting common features from specific examples | that which is perceived or known or inferred to have its own distinct existence (living or nonliving),CONTROL IS UP
high,high%1:15:00::,omw-en-14520670-n,an air mass of higher than normal pressure,a large body of air with uniform characteristics horizontally | the weather or climate at some place | the atmospheric conditions that comprise the state of the atmosphere in terms of temperature and wind and clouds and precipitation | a physical phenomenon associated with the atmosphere | a natural phenomenon involving the physical properties of matter and energy,CONTROL IS UP
high,high%1:15:00::,omw-en-14405621-n,a state of sustained elation,an exhilarating psychological state of pride and optimism; an absence of depression | (psychology) a mental condition in which the qualities of a state are relatively constant even though the state itself may be dynamic | a state at a particular time | the way something is with respect to its main attributes | an abstraction belonging to or characteristic of an entity,CONTROL IS UP
high,high%1:15:00::,omw-en-14405452-n,a state of altered consciousness induced by alcohol or narcotics,an exhilarating psychological state of pride and optimism; an absence of depression | (psychology) a mental condition in which the qualities of a state are relatively constant even though the state itself may be dynamic | a state at a particular time | the way something is with respect to its main attributes | an abstraction belonging to or characteristic of an entity,CONTROL IS UP
high,high%1:15:00::,omw-en-08584618-n,a high place,a point located with respect to surface features of some region | the precise location of something; a spatially limited location | a point or extent in space | a tangible and visible entity; an entity that can cast a shadow | an entity that has physical existence,CONTROL IS UP
high,high%1:15:00::,omw-en-08409617-n,a public secondary school usually including grades 9 through 12,a school for students intermediate between elementary school and college; usually grades 9 to 12 | an educational institution | an institution dedicated to education | an organization founded and united for a specific purpose | a group of people who work together,CONTROL IS UP
high,high%1:15:00::,omw-en-03518631-n,a forward gear with a gear ratio that gives the greatest vehicle velocity for a given engine speed,a mechanism for transmitting motion for some specific purpose (as the steering gear of a vehicle) | device consisting of a piece of machinery; has moving parts that perform some function | an instrumentality invented for a particular purpose | an artifact (or system of artifacts) that is instrumental in accomplishing some end | a man-made object taken as a whole,CONTROL IS UP
high,high%1:15:00::,omw-en-00356957-r,at a great altitude,,CONTROL IS UP
high,high%1:15:00::,omw-en-00357139-r,"in or to a high position, amount, or degree",,CONTROL IS UP
high,high%1:15:00::,omw-en-00357251-r,in a rich manner,,CONTROL IS UP
high,high%1:15:00::,omw-en-00357052-r,far up toward the source,,CONTROL IS UP
crossroads,crossroads%1:09:00::,omw-en-08226978-n,a community of people smaller than a village,a group of people living in a particular local area | a group of persons together in one place | people sharing some social relation | any number of entities (members) considered as a unit | a general concept formed by extracting common features from specific examples,LIFE IS A JOURNEY
crossroads,crossroads%1:09:00::,omw-en-14033185-n,a crisis situation or point in time when a critical decision must be made,an unstable situation of extreme danger or difficulty | a complex or critical or unusual difficulty | a condition or state of affairs almost beyond one's ability to deal with and requiring great effort to bear or overcome | a state at a particular time | the way something is with respect to its main attributes,LIFE IS A JOURNEY
crossroads,crossroads%1:09:00::,omw-en-05764613-n,a point where a choice must be made,"a representation of common ground between theories or phenomena | a presentation to the mind in the form of an idea or image | the sum or range of what has been perceived, discovered, or learned | the psychological result of perception and learning and reasoning | a feature of the mental life of a living organism",LIFE IS A JOURNEY
